Id,Position,First Name,Nickname,Last Name,FPPG,Played,Salary,Game,Team,Opponent,Injury Indicator,Injury Details,Tier,,,Roster Position
81947-80001,RB,Austin,Austin Ekeler,Ekeler,19.583333333333332,6,9500,SEA@LAC,LAC,SEA,,,,,,RB/FLEX
81947-64401,RB,Saquon,Saquon Barkley,Barkley,18.933333079020183,6,9300,NYG@JAC,NYG,JAC,,,,,,RB/FLEX
81947-39280,RB,Derrick,Derrick Henry,Henry,17.58000030517578,5,9200,IND@TEN,TEN,IND,,,,,,RB/FLEX
81947-53562,RB,Nick,Nick Chubb,Chubb,19.25,6,8900,CLE@BAL,CLE,BAL,,,,,,RB/FLEX
81947-63115,QB,Lamar,Lamar Jackson,Jackson,25.363332112630207,6,8800,CLE@BAL,BAL,CLE,,,,,,QB
81947-55050,RB,Christian,Christian McCaffrey,McCaffrey,16.916666666666668,6,8700,KC@SF,SF,KC,,,,,,RB/FLEX
81947-72731,RB,Josh,Josh Jacobs,Jacobs,17.68000030517578,5,8600,HOU@LV,LV,HOU,,,,,,RB/FLEX
81947-45889,WR,Davante,Davante Adams,Adams,17.18000030517578,5,8600,HOU@LV,LV,HOU,,,,,,WR/FLEX
81947-57439,QB,Patrick,Patrick Mahomes,Mahomes,24.45666758219401,6,8500,KC@SF,KC,SF,,,,,,QB
81947-52436,TE,Mark,Mark Andrews,Andrews,15.883333841959635,6,8500,CLE@BAL,BAL,CLE,Q,Knee,,,,TE/FLEX
81947-85701,WR,Ja'Marr,Ja'Marr Chase,Chase,14.866666158040365,6,8500,ATL@CIN,CIN,ATL,,,,,,WR/FLEX
81947-52922,RB,Leonard,Leonard Fournette,Fournette,16.25,6,8400,TB@CAR,TB,CAR,,,,,,RB/FLEX
81947-33076,TE,Travis,Travis Kelce,Kelce,18.416666666666668,6,8300,KC@SF,KC,SF,,,,,,TE/FLEX
81947-63336,QB,Joe,Joe Burrow,Burrow,22.106666564941406,6,8300,ATL@CIN,CIN,ATL,,,,,,QB
81947-69189,QB,Justin,Justin Herbert,Herbert,17.706666310628254,6,8100,SEA@LAC,LAC,SEA,,,,,,QB
81947-89675,RB,Jonathan,Jonathan Taylor,Taylor,11.425000190734863,4,8000,IND@TEN,IND,TEN,,,,,,RB/FLEX
81947-91598,RB,D'Andre,D'Andre Swift,Swift,15.59999974568685,3,7800,DET@DAL,DET,DAL,Q,Shoulder,,,,RB/FLEX
81947-45631,RB,Jamaal,Jamaal Williams,Williams,14.939999389648438,5,7800,DET@DAL,DET,DAL,,,,,,RB/FLEX
81947-39829,WR,Mike,Mike Williams,Williams,11.316666920979818,6,7800,SEA@LAC,LAC,SEA,,,,,,WR/FLEX
81947-86055,RB,Dameon,Dameon Pierce,Pierce,14.280000305175781,5,7700,HOU@LV,HOU,LV,,,,,,RB/FLEX
81947-86631,WR,CeeDee,CeeDee Lamb,Lamb,11.816666920979818,6,7700,DET@DAL,DAL,DET,,,,,,WR/FLEX
81947-56018,WR,Deebo,Deebo Samuel,Samuel,12.933333079020182,6,7700,KC@SF,SF,KC,,,,,,WR/FLEX
81947-32384,WR,Mike,Mike Evans,Evans,13.160000610351563,5,7600,TB@CAR,TB,CAR,,,,,,WR/FLEX
81947-103064,RB,Breece,Breece Hall,Hall,15.40000025431315,6,7600,NYJ@DEN,NYJ,DEN,,,,,,RB/FLEX
81947-45859,QB,Derek,Derek Carr,Carr,17.21199951171875,5,7600,HOU@LV,LV,HOU,,,,,,QB
81947-69213,WR,Michael,Michael Pittman Jr.,Pittman Jr.,13.339999389648437,5,7500,IND@TEN,IND,TEN,,,,,,WR/FLEX
81947-86997,WR,Amon-Ra,Amon-Ra St. Brown,St. Brown,16.350000381469727,4,7500,DET@DAL,DET,DAL,,,,,,WR/FLEX
81947-31716,QB,Dak,Dak Prescott,Prescott,5.460000038146973,1,7500,DET@DAL,DAL,DET,,,,,,QB
81947-52442,RB,Joe,Joe Mixon,Mixon,12.266666412353516,6,7400,ATL@CIN,CIN,ATL,,,,,,RB/FLEX
81947-6498,QB,Tom,Tom Brady,Brady,15.729999542236328,6,7400,TB@CAR,TB,CAR,,,,,,QB
81947-6616,QB,Matt,Matt Ryan,Ryan,15.083333333333334,6,7300,IND@TEN,IND,TEN,,,,,,QB
81947-38435,QB,Jared,Jared Goff,Goff,19.7,5,7300,DET@DAL,DET,DAL,,,,,,QB
81947-29253,WR,Keenan,Keenan Allen,Allen,8.600000381469727,1,7300,SEA@LAC,LAC,SEA,Q,Hamstring,,,,WR/FLEX
81947-103342,RB,Kenneth,Kenneth Walker III,Walker III,8.6,5,7300,SEA@LAC,SEA,LAC,,,,,,RB/FLEX
81947-31001,WR,Amari,Amari Cooper,Cooper,12.383333841959635,6,7200,CLE@BAL,CLE,BAL,,,,,,WR/FLEX
81947-54604,QB,Jimmy,Jimmy Garoppolo,Garoppolo,15.383999633789063,5,7200,KC@SF,SF,KC,,,,,,QB
81947-60858,WR,Christian,Christian Kirk,Kirk,11.90000025431315,6,7200,NYG@JAC,JAC,NYG,,,,,,WR/FLEX
81947-89951,QB,Trevor,Trevor Lawrence,Lawrence,16.996667226155598,6,7200,NYG@JAC,JAC,NYG,,,,,,QB
81947-29358,QB,Marcus,Marcus Mariota,Mariota,16.46666717529297,6,7100,ATL@CIN,ATL,CIN,,,,,,QB
81947-6894,QB,Aaron,Aaron Rodgers,Rodgers,14.0033327738444,6,7100,GB@WAS,GB,WAS,,,,,,QB
81947-89981,WR,Tee,Tee Higgins,Higgins,12.240000152587891,5,7100,ATL@CIN,CIN,ATL,,,,,,WR/FLEX
81947-57403,WR,Courtland,Courtland Sutton,Sutton,10.84999974568685,6,7000,NYJ@DEN,DEN,NYJ,,,,,,WR/FLEX
81947-55635,WR,Chris,Chris Godwin,Godwin,9.050000190734863,4,7000,TB@CAR,TB,CAR,,,,,,WR/FLEX
81947-22015,QB,Russell,Russell Wilson,Wilson,15.146666208902994,6,7000,NYJ@DEN,DEN,NYJ,Q,Hamstring,,,,QB
81947-63519,QB,Daniel,Daniel Jones,Jones,15.406667073567709,6,6900,NYG@JAC,NYG,JAC,,,,,,QB
81947-73048,WR,DK,DK Metcalf,Metcalf,10.59999974568685,6,6900,SEA@LAC,SEA,LAC,,,,,,WR/FLEX
81947-38791,RB,Ezekiel,Ezekiel Elliott,Elliott,9.466666539510092,6,6900,DET@DAL,DAL,DET,,,,,,RB/FLEX
81947-27050,WR,Tyler,Tyler Lockett,Lockett,11.550000508626303,6,6800,SEA@LAC,SEA,LAC,Q,Hamstring,,,,WR/FLEX
81947-40442,RB,Aaron,Aaron Jones,Jones,11.949999491373697,6,6800,GB@WAS,GB,WAS,,,,,,RB/FLEX
81947-26483,QB,Geno,Geno Smith,Smith,18.763333638509113,6,6800,SEA@LAC,SEA,LAC,,,,,,QB
81947-21948,QB,Ryan,Ryan Tannehill,Tannehill,13.580000305175782,5,6700,IND@TEN,TEN,IND,,,,,,QB
81947-55987,WR,JuJu,JuJu Smith-Schuster,Smith-Schuster,9.083333333333334,6,6700,KC@SF,KC,SF,,,,,,WR/FLEX
81947-85741,RB,Clyde,Clyde Edwards-Helaire,Edwards-Helaire,12.883333841959635,6,6700,KC@SF,KC,SF,,,,,,RB/FLEX
81947-53331,QB,Taylor,Taylor Heinicke,Heinicke,14.835000038146973,16,6600,GB@WAS,WAS,GB,,,,,,QB
81947-30989,RB,Kenyan,Kenyan Drake,Drake,7.074999809265137,4,6600,CLE@BAL,BAL,CLE,,,,,,RB/FLEX
81947-90406,QB,Zach,Zach Wilson,Wilson,13.126667022705078,3,6600,NYJ@DEN,NYJ,DEN,,,,,,QB
81947-56809,WR,Allen,Allen Lazard,Lazard,12.5,5,6600,GB@WAS,GB,WAS,,,,,,WR/FLEX
81947-70324,QB,Carson,Carson Wentz,Wentz,17.24333318074544,6,6600,GB@WAS,WAS,GB,O,Finger,,,,QB
81947-87787,RB,J.K.,J.K. Dobbins,Dobbins,7.800000190734863,4,6600,CLE@BAL,BAL,CLE,O,Knee,,,,RB/FLEX
81947-39793,TE,George,George Kittle,Kittle,6.425000190734863,4,6600,KC@SF,SF,KC,,,,,,TE/FLEX
81947-63759,RB,Tony,Tony Pollard,Pollard,8.933333079020182,6,6500,DET@DAL,DAL,DET,,,,,,RB/FLEX
81947-30231,QB,Jacoby,Jacoby Brissett,Brissett,14.539999643961588,6,6500,CLE@BAL,CLE,BAL,,,,,,QB
81947-44715,QB,Cooper,Cooper Rush,Rush,9.733333587646484,6,6500,DET@DAL,DAL,DET,,,,,,QB
81947-85845,WR,Rashod,Rashod Bateman,Bateman,9.949999809265137,4,6500,CLE@BAL,BAL,CLE,Q,Foot,,,,WR/FLEX
81947-53097,WR,Josh,Josh Reynolds,Reynolds,11.4,5,6400,DET@DAL,DET,DAL,Q,Knee,,,,WR/FLEX
81947-93134,RB,Deon,Deon Jackson,Jackson,11.300000508626303,3,6400,IND@TEN,IND,TEN,,,,,,RB/FLEX
81947-28900,RB,Melvin,Melvin Gordon III,Gordon III,6.233333587646484,6,6300,NYJ@DEN,DEN,NYJ,,,,,,RB/FLEX
81947-55552,RB,Jeff,Jeff Wilson Jr.,Wilson Jr.,9.833333333333334,6,6300,KC@SF,SF,KC,,,,,,RB/FLEX
81947-89628,QB,Davis,Davis Mills,Mills,11.223999786376954,5,6300,HOU@LV,HOU,LV,,,,,,QB
81947-85798,WR,Brandon,Brandon Aiyuk,Aiyuk,10.533333460489908,6,6300,KC@SF,SF,KC,,,,,,WR/FLEX
81947-29501,WR,Brandin,Brandin Cooks,Cooks,8.3,5,6300,HOU@LV,HOU,LV,,,,,,WR/FLEX
81947-57299,TE,Gerald,Gerald Everett,Everett,7.866666793823242,6,6300,SEA@LAC,LAC,SEA,,,,,,TE/FLEX
81947-71706,TE,T.J.,T.J. Hockenson,Hockenson,11.240000152587891,5,6200,DET@DAL,DET,DAL,,,,,,TE/FLEX
81947-14377,QB,Tyrod,Tyrod Taylor,Taylor,2.440000057220459,1,6200,NYG@JAC,NYG,JAC,,,,,,QB
81947-63589,QB,Sam,Sam Darnold,Darnold,14.18999989827474,12,6200,TB@CAR,CAR,TB,IR,Ankle,,,,QB
81947-90561,WR,Jerry,Jerry Jeudy,Jeudy,8.266666412353516,6,6200,NYJ@DEN,DEN,NYJ,,,,,,WR/FLEX
81947-41535,QB,Baker,Baker Mayfield,Mayfield,11.695999908447266,5,6200,TB@CAR,CAR,TB,D,Ankle,,,,QB
81947-8803,QB,Chase,Chase Daniel,Daniel,-0.20000000298023224,1,6200,SEA@LAC,LAC,SEA,,,,,,QB
81947-69333,QB,Jacob,Jacob Eason,Eason,1.3600000143051147,1,6200,TB@CAR,CAR,TB,,,,,,QB
81947-41827,QB,P.J.,P.J. Walker,Walker,2.3499999046325684,2,6200,TB@CAR,CAR,TB,,,,,,QB
81947-89956,RB,Travis,Travis Etienne Jr.,Etienne Jr.,8.533333460489908,6,6200,NYG@JAC,JAC,NYG,,,,,,RB/FLEX
81947-56250,WR,Terry,Terry McLaurin,McLaurin,9.25,6,6200,GB@WAS,WAS,GB,,,,,,WR/FLEX
81947-39034,QB,Kurt,Kurt Benkert,Benkert,-0.10000000149011612,1,6100,KC@SF,SF,KC,,,,,,QB
81947-86278,QB,Desmond,Desmond Ridder,Ridder,,,6100,ATL@CIN,ATL,CIN,,,,,,QB
81947-86312,WR,Alec,Alec Pierce,Pierce,8.419999694824218,5,6100,IND@TEN,IND,TEN,,,,,,WR/FLEX
81947-69956,WR,Michael,Michael Gallup,Gallup,6.200000127156575,3,6100,DET@DAL,DAL,DET,,,,,,WR/FLEX
81947-27986,QB,C.J.,C.J. Beathard,Beathard,-0.10000000149011612,1,6100,NYG@JAC,JAC,NYG,,,,,,QB
81947-69017,QB,Jordan,Jordan Love,Love,1.4600000381469727,2,6100,GB@WAS,GB,WAS,,,,,,QB
81947-70051,QB,Tyler,Tyler Huntley,Huntley,12.377142769949776,7,6100,CLE@BAL,BAL,CLE,,,,,,QB
81947-31170,QB,Brandon,Brandon Allen,Allen,2.7719999313354493,5,6100,ATL@CIN,CIN,ATL,,,,,,QB
81947-90562,RB,Brian,Brian Robinson Jr.,Robinson Jr.,7.099999904632568,2,6100,GB@WAS,WAS,GB,,,,,,RB/FLEX
81947-40407,QB,Joshua,Joshua Dobbs,Dobbs,,,6100,CLE@BAL,CLE,BAL,,,,,,QB
81947-22027,QB,Nick,Nick Foles,Foles,16.799999237060547,1,6100,IND@TEN,IND,TEN,,,,,,QB
81947-60947,QB,Jarrett,Jarrett Stidham,Stidham,,,6100,HOU@LV,LV,HOU,,,,,,QB
81947-40482,QB,Tim,Tim Boyle,Boyle,7.585000038146973,4,6100,DET@DAL,DET,DAL,,,,,,QB
81947-64051,QB,Drew,Drew Lock,Lock,8.896666844685873,6,6100,SEA@LAC,SEA,LAC,,,,,,QB
81947-6714,QB,Joe,Joe Flacco,Flacco,15.879999796549479,3,6100,NYJ@DEN,NYJ,DEN,,,,,,QB
81947-87691,QB,Malik,Malik Willis,Willis,-0.1599999964237213,1,6100,IND@TEN,TEN,IND,,,,,,QB
81947-7844,QB,Chad,Chad Henne,Henne,0,1,6100,KC@SF,KC,SF,,,,,,QB
81947-61157,QB,Brett,Brett Rypien,Rypien,0,1,6100,NYJ@DEN,DEN,NYJ,,,,,,QB
81947-53095,QB,Kyle,Kyle Allen,Allen,3.950000047683716,2,6100,HOU@LV,HOU,LV,,,,,,QB
81947-14194,QB,Blaine,Blaine Gabbert,Gabbert,0.33000000317891437,6,6100,TB@CAR,TB,CAR,,,,,,QB
81947-29715,QB,Kevin,Kevin Hogan,Hogan,,,6000,HOU@LV,HOU,LV,,,,,,QB
81947-62566,QB,Travis,Travis Jonsen,Jonsen,,,6000,TB@CAR,TB,CAR,,,,,,QB
81947-112745,WR,Drake,Drake London,London,9.516666412353516,6,6000,ATL@CIN,ATL,CIN,,,,,,WR/FLEX
81947-52342,QB,Will,Will Grier,Grier,,,6000,DET@DAL,DAL,DET,,,,,,QB
81947-64637,QB,Brian,Brian Lewerke,Lewerke,,,6000,NYG@JAC,NYG,JAC,,,,,,QB
81947-104576,QB,Sam,Sam Howell,Howell,,,6000,GB@WAS,WAS,GB,,,,,,QB
81947-68741,QB,Brandon,Brandon Peters,Peters,,,6000,SEA@LAC,LAC,SEA,,,,,,QB
81947-63625,RB,Nyheim,Nyheim Hines,Hines,4.44000015258789,5,6000,IND@TEN,IND,TEN,,,,,,RB/FLEX
81947-27801,QB,Nate,Nate Sudfeld,Sudfeld,,,6000,DET@DAL,DET,DAL,,,,,,QB
81947-149696,QB,Trey,Trey Lance,Lance,6.730000019073486,2,6000,KC@SF,SF,KC,IR,Ankle,,,,QB
81947-69833,QB,Shane,Shane Buechele,Buechele,,,6000,KC@SF,KC,SF,,,,,,QB
81947-45259,QB,Logan,Logan Woodside,Woodside,-0.15000000596046448,4,6000,IND@TEN,TEN,IND,,,,,,QB
81947-92362,QB,Levi,Levi Lewis,Lewis,,,6000,SEA@LAC,SEA,LAC,,,,,,QB
81947-29915,QB,Brett,Brett Hundley,Hundley,,,6000,CLE@BAL,BAL,CLE,,,,,,QB
81947-170252,QB,Felix,Felix Harper,Harper,,,6000,CLE@BAL,CLE,BAL,,,,,,QB
81947-91468,QB,Chase,Chase Garbers,Garbers,,,6000,HOU@LV,LV,HOU,,,,,,QB
81947-92560,QB,Sam,Sam Ehlinger,Ehlinger,0.29999999205271405,3,6000,IND@TEN,IND,TEN,,,,,,QB
81947-103824,QB,Easton,Easton Stick,Stick,,,6000,SEA@LAC,LAC,SEA,,,,,,QB
81947-71077,QB,Cole,Cole Kelley,Kelley,,,6000,GB@WAS,WAS,GB,,,,,,QB
81947-60840,QB,Jake,Jake Browning,Browning,,,6000,ATL@CIN,CIN,ATL,,,,,,QB
81947-25011,TE,Darren,Darren Waller,Waller,7.875,4,6000,HOU@LV,LV,HOU,O,Hamstring,,,,TE/FLEX
81947-34331,RB,Latavius,Latavius Murray,Murray,9.949999809265137,2,6000,NYJ@DEN,DEN,NYJ,,,,,,RB/FLEX
81947-30253,QB,Jeff,Jeff Driskel,Driskel,0.75,2,6000,HOU@LV,HOU,LV,,,,,,QB
81947-72241,QB,Drew,Drew Plitt,Plitt,,,6000,ATL@CIN,CIN,ATL,,,,,,QB
81947-88630,QB,Matt,Matt Corral,Corral,,,6000,TB@CAR,CAR,TB,IR,Foot,,,,QB
81947-89658,QB,Jack,Jack Coan,Coan,,,6000,IND@TEN,IND,TEN,,,,,,QB
81947-94797,QB,Kellen,Kellen Mond,Mond,0.20000000298023224,1,6000,CLE@BAL,CLE,BAL,,,,,,QB
81947-40534,QB,Mike,Mike White,White,13.005000114440918,4,6000,NYJ@DEN,NYJ,DEN,,,,,,QB
81947-54879,QB,Deshaun,Deshaun Watson,Watson,,,6000,CLE@BAL,CLE,BAL,IR,Suspension,,,,QB
81947-85607,QB,Brock,Brock Purdy,Purdy,-0.10000000149011612,1,6000,KC@SF,SF,KC,,,,,,QB
81947-69302,QB,Feleipe,Feleipe Franks,Franks,0,1,6000,ATL@CIN,ATL,CIN,,,,,,QB
81947-73398,QB,Chris,Chris Oladokun,Oladokun,,,6000,KC@SF,KC,SF,,,,,,QB
81947-69304,QB,Kyle,Kyle Trask,Trask,,,6000,TB@CAR,TB,CAR,,,,,,QB
81947-40669,WR,Tyler,Tyler Boyd,Boyd,9.236666361490885,6,6000,ATL@CIN,CIN,ATL,,,,,,WR/FLEX
81947-91872,RB,Joshua,Joshua Kelley,Kelley,5.1,5,6000,SEA@LAC,LAC,SEA,O,Knee - mcl,,,,RB/FLEX
81947-29445,QB,Sean,Sean Mannion,Mannion,12.960000038146973,1,6000,SEA@LAC,SEA,LAC,,,,,,QB
81947-95026,QB,Dustin,Dustin Crum,Crum,,,6000,KC@SF,KC,SF,,,,,,QB
81947-8023,QB,Josh,Josh Johnson,Johnson,12.079999923706055,4,6000,NYJ@DEN,DEN,NYJ,,,,,,QB
81947-33647,QB,Kyle,Kyle Sloter,Sloter,,,6000,NYG@JAC,JAC,NYG,,,,,,QB
81947-38767,QB,Chris,Chris Streveler,Streveler,1.0199999809265137,2,6000,NYJ@DEN,NYJ,DEN,,,,,,QB
81947-39795,QB,Davis,Davis Webb,Webb,-0.30000001192092896,1,6000,NYG@JAC,NYG,JAC,,,,,,QB
81947-169852,QB,Davis,Davis Cheek,Cheek,,,6000,TB@CAR,CAR,TB,,,,,,QB
81947-62364,QB,Josh,Josh Rosen,Rosen,-0.41333333651224774,3,6000,CLE@BAL,CLE,BAL,,,,,,QB
81947-33702,QB,Ryan,Ryan Griffin,Griffin,,,6000,TB@CAR,TB,CAR,,,,,,QB
81947-93103,QB,E.J.,E.J. Perry,Perry,,,6000,NYG@JAC,JAC,NYG,,,,,,QB
81947-38837,QB,Danny,Danny Etling,Etling,,,6000,GB@WAS,GB,WAS,,,,,,QB
81947-69597,QB,Anthony,Anthony Brown,Brown,,,6000,CLE@BAL,BAL,CLE,,,,,,QB
81947-63469,QB,Ben,Ben DiNucci,DiNucci,,,6000,DET@DAL,DAL,DET,,,,,,QB
81947-86080,TE,Kyle,Kyle Pitts,Pitts,5.8799999237060545,5,5900,ATL@CIN,ATL,CIN,,,,,,TE/FLEX
81947-89157,RB,Caleb,Caleb Huntley,Huntley,5.300000190734863,4,5900,ATL@CIN,ATL,CIN,,,,,,RB/FLEX
81947-90428,RB,Tyler,Tyler Allgeier,Allgeier,5.4,5,5900,ATL@CIN,ATL,CIN,,,,,,RB/FLEX
81947-71032,WR,Devin,Devin Duvernay,Duvernay,9.866666793823242,6,5900,CLE@BAL,BAL,CLE,,,,,,WR/FLEX
81947-94370,WR,Romeo,Romeo Doubs,Doubs,7.916666666666667,6,5800,GB@WAS,GB,WAS,,,,,,WR/FLEX
81947-45229,RB,Kareem,Kareem Hunt,Hunt,9.866666793823242,6,5800,CLE@BAL,CLE,BAL,,,,,,RB/FLEX
81947-130288,RB,James,James Robinson,Robinson,11.183333079020182,6,5800,NYG@JAC,JAC,NYG,,,,,,RB/FLEX
81947-29685,WR,Robert,Robert Woods,Woods,6.980000305175781,5,5800,IND@TEN,TEN,IND,,,,,,WR/FLEX
81947-55335,TE,David,David Njoku,Njoku,8.59999974568685,6,5700,CLE@BAL,CLE,BAL,,,,,,TE/FLEX
81947-53303,RB,Matt,Matt Breida,Breida,1.6499999364217122,6,5700,NYG@JAC,NYG,JAC,,,,,,RB/FLEX
81947-41305,WR,Zay,Zay Jones,Jones,8.44000015258789,5,5700,NYG@JAC,JAC,NYG,,,,,,WR/FLEX
81947-87418,WR,Joshua,Joshua Palmer,Palmer,7.233333587646484,6,5700,SEA@LAC,LAC,SEA,O,Concussion,,,,WR/FLEX
81947-57986,WR,Hunter,Hunter Renfrow,Renfrow,5.166666666666667,3,5700,HOU@LV,LV,HOU,Q,Hip,,,,WR/FLEX
81947-71352,WR,Mecole,Mecole Hardman,Hardman,6.400000254313151,6,5700,KC@SF,KC,SF,,,,,,WR/FLEX
81947-93107,RB,AJ,AJ Dillon,Dillon,8.183333079020182,6,5700,GB@WAS,GB,WAS,,,,,,RB/FLEX
81947-86229,WR,Jahan,Jahan Dotson,Dotson,11.550000190734863,4,5600,GB@WAS,WAS,GB,Q,Hamstring,,,,WR/FLEX
81947-91419,WR,Nico,Nico Collins,Collins,6.94000015258789,5,5600,HOU@LV,HOU,LV,,,,,,WR/FLEX
81947-91426,WR,Donovan,Donovan Peoples-Jones,Peoples-Jones,6.116666793823242,6,5600,CLE@BAL,CLE,BAL,,,,,,WR/FLEX
81947-93539,RB,Michael,Michael Carter,Carter,8.583333333333334,6,5600,NYJ@DEN,NYJ,DEN,,,,,,RB/FLEX
81947-45439,WR,Corey,Corey Davis,Davis,9.433333079020182,6,5600,NYJ@DEN,NYJ,DEN,,,,,,WR/FLEX
81947-40647,WR,Marquez,Marquez Valdes-Scantling,Valdes-Scantling,5.833333333333333,6,5600,KC@SF,KC,SF,,,,,,WR/FLEX
81947-103539,WR,Wan'Dale,Wan'Dale Robinson,Robinson,6.099999904632568,2,5500,NYG@JAC,NYG,JAC,,,,,,WR/FLEX
81947-103564,WR,Garrett,Garrett Wilson,Wilson,8.799999872843424,6,5500,NYJ@DEN,NYJ,DEN,,,,,,WR/FLEX
81947-52613,WR,Curtis,Curtis Samuel,Samuel,10.133333206176758,6,5500,GB@WAS,WAS,GB,,,,,,WR/FLEX
81947-80353,TE,Robert,Robert Tonyan,Tonyan,6.900000254313151,6,5500,GB@WAS,GB,WAS,,,,,,TE/FLEX
81947-63043,WR,DJ,DJ Moore,Moore,6.716666539510091,6,5500,TB@CAR,CAR,TB,,,,,,WR/FLEX
81947-22103,WR,Marvin,Marvin Jones Jr.,Jones Jr.,7.159999847412109,5,5500,NYG@JAC,JAC,NYG,Q,Hamstring,,,,WR/FLEX
81947-25267,WR,Mack,Mack Hollins,Hollins,8.391999816894531,5,5500,HOU@LV,LV,HOU,Q,Heel,,,,WR/FLEX
81947-27441,RB,Damien,Damien Williams,Williams,0.20000000298023224,1,5500,ATL@CIN,ATL,CIN,IR,Ribs,,,,RB/FLEX
81947-90933,RB,Antonio,Antonio Gibson,Gibson,9.683333079020182,6,5500,GB@WAS,WAS,GB,,,,,,RB/FLEX
81947-64496,WR,Olamide,Olamide Zaccheaus,Zaccheaus,7.516666412353516,6,5500,ATL@CIN,ATL,CIN,,,,,,WR/FLEX
81947-38264,WR,Demarcus,Demarcus Robinson,Robinson,3.0166667302449546,6,5400,CLE@BAL,BAL,CLE,,,,,,WR/FLEX
81947-53640,RB,Sony,Sony Michel,Michel,2.8500000635782876,6,5400,SEA@LAC,LAC,SEA,,,,,,RB/FLEX
81947-91677,WR,Shi,Shi Smith,Smith,2.4166666666666665,6,5400,TB@CAR,CAR,TB,,,,,,WR/FLEX
81947-52916,WR,Russell,Russell Gage,Gage,6.283333460489909,6,5400,TB@CAR,TB,CAR,,,,,,WR/FLEX
81947-58041,RB,Mike,Mike Boone,Boone,3,5,5400,NYJ@DEN,DEN,NYJ,,,,,,RB/FLEX
81947-64389,WR,Nick,Nick Westbrook-Ikhine,Westbrook-Ikhine,4.324999809265137,4,5400,IND@TEN,TEN,IND,,,,,,WR/FLEX
81947-56248,WR,Noah,Noah Brown,Brown,7.483333587646484,6,5400,DET@DAL,DAL,DET,,,,,,WR/FLEX
81947-56262,WR,Parris,Parris Campbell,Campbell,5.316666603088379,6,5400,IND@TEN,IND,TEN,,,,,,WR/FLEX
81947-53498,WR,Richie,Richie James Jr.,James Jr.,4.5,6,5300,NYG@JAC,NYG,JAC,,,,,,WR/FLEX
81947-63819,WR,Darius,Darius Slayton,Slayton,4.933333396911621,3,5300,NYG@JAC,NYG,JAC,,,,,,WR/FLEX
81947-52808,RB,Dontrell,Dontrell Hilliard,Hilliard,9.850000381469727,4,5300,IND@TEN,TEN,IND,,,,,,RB/FLEX
81947-52917,WR,DJ,DJ Chark Jr.,Chark Jr.,6.433333079020183,3,5300,DET@DAL,DET,DAL,O,Ankle,,,,WR/FLEX
81947-14190,WR,Julio,Julio Jones,Jones,5.650000095367432,2,5300,TB@CAR,TB,CAR,O,Knee,,,,WR/FLEX
81947-27776,RB,Tevin,Tevin Coleman,Coleman,10.25,2,5200,KC@SF,SF,KC,,,,,,RB/FLEX
81947-61593,WR,Jauan,Jauan Jennings,Jennings,3.6000000635782876,6,5200,KC@SF,SF,KC,,,,,,WR/FLEX
81947-62628,WR,DeAndre,DeAndre Carter,Carter,5.116666793823242,6,5200,SEA@LAC,LAC,SEA,,,,,,WR/FLEX
81947-86192,WR,KJ,KJ Hamler,Hamler,3.2249999046325684,4,5200,NYJ@DEN,DEN,NYJ,,,,,,WR/FLEX
81947-52451,RB,Samaje,Samaje Perine,Perine,5,6,5200,ATL@CIN,CIN,ATL,,,,,,RB/FLEX
81947-92575,RB,Isiah,Isiah Pacheco,Pacheco,3.7999998728434243,6,5200,KC@SF,KC,SF,,,,,,RB/FLEX
81947-169776,WR,Christian,Christian Watson,Watson,4.150000095367432,4,5200,GB@WAS,GB,WAS,O,Hamstring,,,,WR/FLEX
81947-41872,TE,Evan,Evan Engram,Engram,5.799999872843425,6,5200,NYG@JAC,JAC,NYG,,,,,,TE/FLEX
81947-79979,WR,Jamal,Jamal Agnew,Agnew,4.366666793823242,6,5100,NYG@JAC,JAC,NYG,O,Knee,,,,WR/FLEX
81947-65724,RB,JaMycal,JaMycal Hasty,Hasty,3.875,4,5100,NYG@JAC,JAC,NYG,,,,,,RB/FLEX
81947-90307,TE,Daniel,Daniel Bellinger,Bellinger,7.919999694824218,5,5100,NYG@JAC,NYG,JAC,,,,,,TE/FLEX
81947-54608,RB,Jerick,Jerick McKinnon,McKinnon,5.033333460489909,6,5100,KC@SF,KC,SF,,,,,,RB/FLEX
81947-112062,WR,Skyy,Skyy Moore,Moore,1.8333333333333333,6,5100,KC@SF,KC,SF,,,,,,WR/FLEX
81947-88575,WR,Elijah,Elijah Moore,Moore,5.579999923706055,5,5100,NYJ@DEN,NYJ,DEN,O,Personal,,,,WR/FLEX
81947-85672,WR,Terrace,Terrace Marshall Jr.,Marshall Jr.,2.5,2,5100,TB@CAR,CAR,TB,,,,,,WR/FLEX
81947-91902,WR,Kyle,Kyle Philips,Philips,1.9500000476837158,4,5100,IND@TEN,TEN,IND,Q,Hamstring,,,,WR/FLEX
81947-70422,WR,Kalif,Kalif Raymond,Raymond,2.3,5,5100,DET@DAL,DET,DAL,,,,,,WR/FLEX
81947-71521,RB,Justice,Justice Hill,Hill,4.099999904632568,4,5100,CLE@BAL,BAL,CLE,,,,,,RB/FLEX
81947-30733,RB,Cordarrelle,Cordarrelle Patterson,Patterson,14.199999809265137,4,5000,ATL@CIN,ATL,CIN,IR,Knee,,,,RB/FLEX
81947-71705,TE,Noah,Noah Fant,Fant,5.083333333333333,6,5000,SEA@LAC,SEA,LAC,,,,,,TE/FLEX
81947-88109,RB,Gary,Gary Brightwell,Brightwell,1.5800000190734864,5,5000,NYG@JAC,NYG,JAC,,,,,,RB/FLEX
81947-24641,WR,Sammy,Sammy Watkins,Watkins,7.050000190734863,2,5000,GB@WAS,GB,WAS,IR,Hamstring,,,,WR/FLEX
81947-40167,RB,Gus,Gus Edwards,Edwards,,,5000,CLE@BAL,BAL,CLE,NA,Knee - acl,,,,RB/FLEX
81947-92413,RB,Elijah,Elijah Mitchell,Mitchell,4.099999904632568,1,5000,KC@SF,SF,KC,IR,Knee - mcl,,,,RB/FLEX
81947-12551,D,Tampa Bay,Tampa Bay Buccaneers,Buccaneers,9.166666666666666,6,5000,TB@CAR,TB,CAR,,,,,,DEF
81947-52495,WR,Braxton,Braxton Berrios,Berrios,5.063333193461101,6,5000,NYJ@DEN,NYJ,DEN,,,,,,WR/FLEX
81947-33047,WR,Chris,Chris Moore,Moore,3.700000047683716,4,5000,HOU@LV,HOU,LV,Q,Hip,,,,WR/FLEX
81947-93538,WR,Dyami,Dyami Brown,Brown,8.200000127156576,3,5000,GB@WAS,WAS,GB,O,Groin,,,,WR/FLEX
81947-55748,WR,James,James Washington,Washington,4.03125,16,5000,DET@DAL,DAL,DET,IR,Foot,,,,WR/FLEX
81947-41426,RB,Phillip,Phillip Lindsay,Lindsay,5.800000190734863,2,5000,IND@TEN,IND,TEN,,,,,,RB/FLEX
81947-32235,WR,Marcus,Marcus Johnson,Johnson,4.25,2,5000,NYG@JAC,NYG,JAC,,,,,,WR/FLEX
81947-72182,WR,Dee,Dee Eskridge,Eskridge,1.8200000762939452,5,5000,SEA@LAC,SEA,LAC,,,,,,WR/FLEX
81947-61042,WR,Kendall,Kendall Hinton,Hinton,2.9749999046325684,4,5000,NYJ@DEN,DEN,NYJ,,,,,,WR/FLEX
81947-137902,RB,Rachaad,Rachaad White,White,4.133333206176758,6,5000,TB@CAR,TB,CAR,,,,,,RB/FLEX
81947-110259,WR,Treylon,Treylon Burks,Burks,4.775000095367432,4,5000,IND@TEN,TEN,IND,IR,Toe,,,,WR/FLEX
81947-27338,RB,Rex,Rex Burkhead,Burkhead,6.519999694824219,5,5000,HOU@LV,HOU,LV,,,,,,RB/FLEX
81947-26355,TE,Logan,Logan Thomas,Thomas,5.775000095367432,4,5000,GB@WAS,WAS,GB,O,Calf,,,,TE/FLEX
81947-14257,WR,Randall,Randall Cobb,Cobb,5.783333460489909,6,5000,GB@WAS,GB,WAS,O,Ankle,,,,WR/FLEX
81947-54244,WR,Kenny,Kenny Golladay,Golladay,1.0666666825612385,3,5000,NYG@JAC,NYG,JAC,O,Knee - mcl,,,,WR/FLEX
81947-61555,WR,David,David Sills V,Sills V,2.5399999618530273,5,4900,NYG@JAC,NYG,JAC,,,,,,WR/FLEX
81947-85306,WR,KhaDarel,KhaDarel Hodge,Hodge,4.699999809265137,4,4900,ATL@CIN,ATL,CIN,,,,,,WR/FLEX
81947-43334,RB,J.D.,J.D. McKissic,McKissic,6.400000254313151,6,4900,GB@WAS,WAS,GB,,,,,,RB/FLEX
81947-22898,RB,Brandon,Brandon Bolden,Bolden,4.550000190734863,4,4900,HOU@LV,LV,HOU,,,,,,RB/FLEX
81947-102893,RB,Tyrion,Tyrion Davis-Price,Davis-Price,3.299999952316284,1,4900,KC@SF,SF,KC,,,,,,RB/FLEX
81947-114180,WR,David,David Bell,Bell,1.9200000762939453,5,4900,CLE@BAL,CLE,BAL,,,,,,WR/FLEX
81947-55830,RB,D'Onta,D'Onta Foreman,Foreman,0.7400000095367432,5,4900,TB@CAR,CAR,TB,,,,,,RB/FLEX
81947-64031,TE,Hayden,Hayden Hurst,Hurst,6.883333206176758,6,4900,ATL@CIN,CIN,ATL,,,,,,TE/FLEX
81947-86811,TE,Cade,Cade Otton,Otton,3.9749999046325684,4,4900,TB@CAR,TB,CAR,,,,,,TE/FLEX
81947-60451,TE,Tyler,Tyler Conklin,Conklin,6.316666920979817,6,4800,NYJ@DEN,NYJ,DEN,,,,,,TE/FLEX
81947-86052,WR,Kadarius,Kadarius Toney,Toney,1.649999976158142,2,4800,NYG@JAC,NYG,JAC,O,Hamstring,,,,WR/FLEX
81947-12531,D,Denver,Denver Broncos,Broncos,8.166666666666666,6,4800,NYJ@DEN,DEN,NYJ,,,,,,DEF
81947-56708,TE,Will,Will Dissly,Dissly,6.733333587646484,6,4800,SEA@LAC,SEA,LAC,,,,,,TE/FLEX
81947-32243,WR,Marquise,Marquise Goodwin,Goodwin,2.7249999046325684,4,4800,SEA@LAC,SEA,LAC,,,,,,WR/FLEX
81947-34295,WR,Breshad,Breshad Perriman,Perriman,3.799999952316284,4,4800,TB@CAR,TB,CAR,,,,,,WR/FLEX
81947-55042,TE,Dalton,Dalton Schultz,Schultz,2.625,4,4800,DET@DAL,DAL,DET,,,,,,TE/FLEX
81947-87859,WR,Laviska,Laviska Shenault Jr.,Shenault Jr.,8,2,4800,TB@CAR,CAR,TB,Q,Hamstring,,,,WR/FLEX
81947-89970,WR,Amari,Amari Rodgers,Rodgers,0.3166666626930237,6,4800,GB@WAS,GB,WAS,,,,,,WR/FLEX
81947-94087,RB,DeeJay,DeeJay Dallas,Dallas,0.9000000158945719,6,4800,SEA@LAC,SEA,LAC,,,,,,RB/FLEX
81947-104424,RB,Craig,Craig Reynolds,Reynolds,5.275000095367432,4,4800,DET@DAL,DET,DAL,,,,,,RB/FLEX
81947-154661,WR,Michael,Michael Bandy,Bandy,3.4000000953674316,2,4700,SEA@LAC,LAC,SEA,,,,,,WR/FLEX
81947-83083,WR,Justin,Justin Watson,Watson,2.25,6,4700,KC@SF,KC,SF,,,,,,WR/FLEX
81947-57543,RB,D'Ernest,D'Ernest Johnson,Johnson,1.899999976158142,1,4700,CLE@BAL,CLE,BAL,,,,,,RB/FLEX
81947-54472,WR,Cam,Cam Sims,Sims,0.574999988079071,4,4700,GB@WAS,WAS,GB,,,,,,WR/FLEX
81947-149710,WR,Mike,Mike Strachan,Strachan,1.850000023841858,4,4700,IND@TEN,IND,TEN,,,,,,WR/FLEX
81947-12530,D,Dallas,Dallas Cowboys,Cowboys,9.833333333333334,6,4700,DET@DAL,DAL,DET,,,,,,DEF
81947-89437,WR,Tim,Tim Jones,Jones,1.25,2,4700,NYG@JAC,JAC,NYG,,,,,,WR/FLEX
81947-87469,TE,Jelani,Jelani Woods,Woods,6.949999809265137,4,4700,IND@TEN,IND,TEN,,,,,,TE/FLEX
81947-87515,WR,Tylan,Tylan Wallace,Wallace,0.8999999761581421,4,4700,CLE@BAL,BAL,CLE,,,,,,WR/FLEX
81947-88548,WR,Jalen,Jalen Tolbert,Tolbert,0.8999999761581421,1,4700,DET@DAL,DAL,DET,,,,,,WR/FLEX
81947-95854,WR,Montrell,Montrell Washington,Washington,0.36666667461395264,6,4700,NYJ@DEN,DEN,NYJ,,,,,,WR/FLEX
81947-53913,WR,Cody,Cody Hollister,Hollister,2.700000047683716,1,4700,IND@TEN,TEN,IND,,,,,,WR/FLEX
81947-69276,WR,Bryan,Bryan Edwards,Edwards,0.7333333492279053,3,4700,ATL@CIN,ATL,CIN,,,,,,WR/FLEX
81947-63186,WR,James,James Proche II,Proche II,1.2000000476837158,1,4700,CLE@BAL,BAL,CLE,,,,,,WR/FLEX
81947-56142,WR,Juwann,Juwann Winfree,Winfree,0.7333333492279053,3,4700,GB@WAS,GB,WAS,,,,,,WR/FLEX
81947-61273,WR,Scotty,Scotty Miller,Miller,4.033333460489909,3,4700,TB@CAR,TB,CAR,,,,,,WR/FLEX
81947-89997,WR,Michael,Michael Woods II,Woods II,2,1,4700,CLE@BAL,CLE,BAL,,,,,,WR/FLEX
81947-24533,TE,Mo,Mo Alie-Cox,Alie-Cox,6.220000076293945,5,4700,IND@TEN,IND,TEN,,,,,,TE/FLEX
81947-72772,RB,Avery,Avery Williams,Williams,2.75,6,4600,ATL@CIN,ATL,CIN,,,,,,RB/FLEX
81947-63591,RB,Ronald,Ronald Jones II,Jones II,4.946666463216146,15,4600,KC@SF,KC,SF,,,,,,RB/FLEX
81947-79998,WR,Keelan,Keelan Cole,Cole,0.5666666825612386,3,4600,HOU@LV,LV,HOU,,,,,,WR/FLEX
81947-70859,TE,Albert,Albert Okwuegbunam,Okwuegbunam,2.125,4,4600,NYJ@DEN,DEN,NYJ,,,,,,TE/FLEX
81947-25813,WR,Phillip,Phillip Dorsett II,Dorsett II,0.6666666666666666,3,4600,HOU@LV,HOU,LV,,,,,,WR/FLEX
81947-93404,RB,Zander,Zander Horvath,Horvath,2.5333333015441895,6,4600,SEA@LAC,LAC,SEA,,,,,,RB/FLEX
81947-91361,RB,Hassan,Hassan Haskins,Haskins,1.3999999364217122,3,4600,IND@TEN,TEN,IND,,,,,,RB/FLEX
81947-88297,TE,Chig,Chig Okonkwo,Okonkwo,4.166666666666667,3,4600,IND@TEN,TEN,IND,,,,,,TE/FLEX
81947-29949,WR,Marvin,Marvin Hall,Hall,1.5,1,4600,NYG@JAC,JAC,NYG,,,,,,WR/FLEX
81947-12554,D,Jacksonville,Jacksonville Jaguars,Jaguars,8.166666666666666,6,4600,NYG@JAC,JAC,NYG,,,,,,DEF
81947-60712,TE,Foster,Foster Moreau,Moreau,5.199999809265137,2,4600,HOU@LV,LV,HOU,,,,,,TE/FLEX
81947-90408,WR,Dax,Dax Milne,Milne,0.6333333253860474,6,4600,GB@WAS,WAS,GB,,,,,,WR/FLEX
81947-55694,WR,Mike,Mike Thomas,Thomas,3.4000000953674316,2,4600,ATL@CIN,CIN,ATL,,,,,,WR/FLEX
81947-73121,RB,Tony,Tony Jones Jr.,Jones Jr.,3,1,4600,SEA@LAC,SEA,LAC,,,,,,RB/FLEX
81947-87467,RB,Chuba,Chuba Hubbard,Hubbard,0.4,5,4600,TB@CAR,CAR,TB,,,,,,RB/FLEX
81947-73130,RB,Chris,Chris Evans,Evans,0.22499999403953552,4,4600,ATL@CIN,CIN,ATL,,,,,,RB/FLEX
81947-91578,RB,Zamir,Zamir White,White,0.6333333253860474,3,4600,HOU@LV,LV,HOU,,,,,,RB/FLEX
81947-31184,RB,Jonathan,Jonathan Williams,Williams,1.8000000317891438,3,4600,GB@WAS,WAS,GB,O,Knee,,,,RB/FLEX
81947-39428,RB,Kyle,Kyle Juszczyk,Juszczyk,3.816666603088379,6,4600,KC@SF,SF,KC,,,,,,RB/FLEX
81947-89613,WR,Simi,Simi Fehoko,Fehoko,1.9500000476837158,2,4600,DET@DAL,DAL,DET,IR,Shoulder,,,,WR/FLEX
81947-60957,WR,KaVontae,KaVontae Turpin,Turpin,0.050000001986821495,6,4600,DET@DAL,DAL,DET,,,,,,WR/FLEX
81947-57909,RB,Marlon,Marlon Mack,Mack,0,1,4600,KC@SF,SF,KC,,,,,,RB/FLEX
81947-63050,RB,Ty,Ty Johnson,Johnson,0.29999999205271405,3,4600,NYJ@DEN,NYJ,DEN,,,,,,RB/FLEX
81947-27229,RB,Ameer,Ameer Abdullah,Abdullah,0.5599999904632569,5,4600,HOU@LV,LV,HOU,,,,,,RB/FLEX
81947-63078,RB,Ke'Shawn,Ke'Shawn Vaughn,Vaughn,6.828571319580078,7,4600,TB@CAR,TB,CAR,,,,,,RB/FLEX
81947-62055,WR,Ray-Ray,Ray-Ray McCloud III,McCloud III,1.2166666984558105,6,4600,KC@SF,SF,KC,,,,,,WR/FLEX
81947-87657,WR,Seth,Seth Williams,Williams,3.9000000953674316,1,4600,NYG@JAC,JAC,NYG,,,,,,WR/FLEX
81947-87662,WR,Anthony,Anthony Schwartz,Schwartz,1.4666666984558105,3,4600,CLE@BAL,CLE,BAL,,,,,,WR/FLEX
81947-88699,RB,Jaret,Jaret Patterson,Patterson,3.6357143947056363,14,4600,GB@WAS,WAS,GB,,,,,,RB/FLEX
81947-61060,RB,Devine,Devine Ozigbo,Ozigbo,0.20000000298023224,1,4600,NYJ@DEN,DEN,NYJ,,,,,,RB/FLEX
81947-70282,WR,Demetric,Demetric Felton,Felton,0.20000000298023224,2,4600,CLE@BAL,CLE,BAL,,,,,,WR/FLEX
81947-23194,WR,Josh,Josh Gordon,Gordon,0,1,4600,IND@TEN,TEN,IND,,,,,,WR/FLEX
81947-71372,WR,Tyrie,Tyrie Cleveland,Cleveland,1.899999976158142,2,4600,NYJ@DEN,DEN,NYJ,,,,,,WR/FLEX
81947-69383,WR,Dezmon,Dezmon Patmon,Patmon,3.4000000953674316,1,4600,IND@TEN,IND,TEN,,,,,,WR/FLEX
81947-71444,RB,Travis,Travis Homer,Homer,2.366666634877523,3,4600,SEA@LAC,SEA,LAC,IR,Ribs,,,,RB/FLEX
81947-72515,TE,Ian,Ian Thomas,Thomas,2.75,6,4600,TB@CAR,CAR,TB,,,,,,TE/FLEX
81947-86875,RB,Jordan,Jordan Mason,Mason,0.699999988079071,1,4600,KC@SF,SF,KC,,,,,,RB/FLEX
81947-55165,RB,Justin,Justin Jackson,Jackson,2.2750000953674316,4,4600,DET@DAL,DET,DAL,,,,,,RB/FLEX
81947-30635,RB,Mike,Mike Davis,Davis,0.5999999841054281,3,4600,CLE@BAL,BAL,CLE,,,,,,RB/FLEX
81947-72627,RB,Patrick,Patrick Taylor,Taylor,4.050000190734863,4,4600,GB@WAS,GB,WAS,,,,,,RB/FLEX
81947-63419,WR,Andy,Andy Isabella,Isabella,1.5499999523162842,2,4600,CLE@BAL,BAL,CLE,,,,,,WR/FLEX
81947-92093,WR,Jaelon,Jaelon Darden,Darden,0.6400000095367432,5,4600,TB@CAR,TB,CAR,,,,,,WR/FLEX
81947-104388,WR,Tom,Tom Kennedy,Kennedy,3.450000047683716,2,4600,DET@DAL,DET,DAL,,,,,,WR/FLEX
81947-30678,WR,Damiere,Damiere Byrd,Byrd,0,2,4600,ATL@CIN,ATL,CIN,,,,,,WR/FLEX
81947-63447,WR,Penny,Penny Hart,Hart,2,1,4600,SEA@LAC,SEA,LAC,D,Hamstring,,,,WR/FLEX
81947-93187,RB,D'vonte,D'vonte Price,Price,,,4500,IND@TEN,IND,TEN,,,,,,RB/FLEX
81947-70663,WR,Frank,Frank Darby,Darby,0.949999988079071,2,4500,ATL@CIN,ATL,CIN,,,,,,WR/FLEX
81947-111631,WR,Jameson,Jameson Williams,Williams,,,4500,DET@DAL,DET,DAL,IR,Knee - acl,,,,WR/FLEX
81947-170000,WR,Shemar,Shemar Bridges,Bridges,,,4500,CLE@BAL,BAL,CLE,Q,Undisclosed,,,,WR/FLEX
81947-70680,WR,Jalen,Jalen Camp,Camp,,,4500,HOU@LV,HOU,LV,,,,,,WR/FLEX
81947-86047,RB,Malik,Malik Davis,Davis,,,4500,DET@DAL,DAL,DET,,,,,,RB/FLEX
81947-56356,WR,Isaiah,Isaiah Ford,Ford,3.4099998474121094,10,4500,IND@TEN,IND,TEN,,,,,,WR/FLEX
81947-89127,WR,Justin,Justin Hall,Hall,,,4500,HOU@LV,LV,HOU,,,,,,WR/FLEX
81947-62505,TE,MyCole,MyCole Pruitt,Pruitt,6.699999809265137,1,4500,ATL@CIN,ATL,CIN,,,,,,TE/FLEX
81947-133163,WR,Ra'Shaun,Ra'Shaun Henry,Henry,,,4500,ATL@CIN,ATL,CIN,,,,,,WR/FLEX
81947-71723,WR,Dez,Dez Fitzpatrick,Fitzpatrick,4.466666539510091,3,4500,IND@TEN,TEN,IND,,,,,,WR/FLEX
81947-64555,WR,Calvin,Calvin Ridley,Ridley,11.11999969482422,5,4500,ATL@CIN,ATL,CIN,IR,Suspension,,,,WR/FLEX
81947-79920,WR,Cyril,Cyril Grayson Jr.,Grayson Jr.,13.199999491373697,3,4500,TB@CAR,TB,CAR,,,,,,WR/FLEX
81947-152631,WR,Samori,Samori Toure,Toure,,,4500,GB@WAS,GB,WAS,,,,,,WR/FLEX
81947-63550,WR,Isaiah,Isaiah Zuber,Zuber,,,4500,HOU@LV,LV,HOU,,,,,,WR/FLEX
81947-64575,RB,Derrick,Derrick Gore,Gore,5.822222391764323,9,4500,KC@SF,KC,SF,Q,Thumb,,,,RB/FLEX
81947-55366,RB,Qadree,Qadree Ollison,Ollison,2.9500001271565757,6,4500,DET@DAL,DAL,DET,,,,,,RB/FLEX
81947-27721,WR,Justin,Justin Hardee Sr.,Hardee Sr.,0,1,4500,NYJ@DEN,NYJ,DEN,,,,,,WR/FLEX
81947-87112,WR,Josh,Josh Ali,Ali,,,4500,ATL@CIN,ATL,CIN,,,,,,WR/FLEX
81947-68685,WR,Austin,Austin Mack,Mack,,,4500,KC@SF,SF,KC,Q,Hamstring,,,,WR/FLEX
81947-71756,WR,Aaron,Aaron Fuller,Fuller,,,4500,SEA@LAC,SEA,LAC,,,,,,WR/FLEX
81947-68686,WR,C.J.,C.J. Saunders,Saunders,2.0999999046325684,1,4500,TB@CAR,CAR,TB,,,,,,WR/FLEX
81947-89172,RB,John,John Lovett,Lovett,,,4500,TB@CAR,CAR,TB,,,,,,RB/FLEX
81947-68694,RB,Antonio,Antonio Williams,Williams,,,4500,NYG@JAC,NYG,JAC,,,,,,RB/FLEX
81947-57432,WR,Cameron,Cameron Batson,Batson,2.5,4,4500,ATL@CIN,ATL,CIN,,,,,,WR/FLEX
81947-91225,RB,Kylin,Kylin Hill,Hill,0.42500001192092896,8,4500,GB@WAS,GB,WAS,NA,Knee - acl,,,,RB/FLEX
81947-65627,WR,Maurice,Maurice Alexander,Alexander,0,2,4500,DET@DAL,DET,DAL,,,,,,WR/FLEX
81947-68712,WR,Tyler,Tyler Johnson,Johnson,3.588235294117647,17,4500,HOU@LV,HOU,LV,,,,,,WR/FLEX
81947-86125,WR,Brandon,Brandon Smith,Smith,,,4500,DET@DAL,DAL,DET,,,,,,WR/FLEX
81947-79982,RB,Alex,Alex Armah,Armah,1.4499999682108562,6,4500,GB@WAS,WAS,GB,,,,,,RB/FLEX
81947-30837,WR,Jordan,Jordan Matthews,Matthews,,,4500,KC@SF,SF,KC,IR,Knee - acl,,,,WR/FLEX
81947-55414,WR,Cody,Cody Thompson,Thompson,,,4500,SEA@LAC,SEA,LAC,IR,Shoulder,,,,WR/FLEX
81947-69752,WR,Jalen,Jalen Virgil,Virgil,,,4500,NYJ@DEN,DEN,NYJ,,,,,,WR/FLEX
81947-64634,WR,Alex,Alex Bachman,Bachman,-0.30000001192092896,1,4500,NYG@JAC,NYG,JAC,,,,,,WR/FLEX
81947-42107,WR,Robert,Robert Foster,Foster,,,4500,NYG@JAC,NYG,JAC,Q,Hamstring,,,,WR/FLEX
81947-84101,WR,Vyncint,Vyncint Smith,Smith,0,1,4500,IND@TEN,IND,TEN,,,,,,WR/FLEX
81947-69769,RB,Darius,Darius Bradwell,Bradwell,0,1,4500,TB@CAR,CAR,TB,,,,,,RB/FLEX
81947-71821,WR,Joe,Joe Reed,Reed,,,4500,SEA@LAC,LAC,SEA,,,,,,WR/FLEX
81947-83086,WR,Daurice,Daurice Fountain,Fountain,,,4500,KC@SF,KC,SF,,,,,,WR/FLEX
81947-83091,RB,Trenton,Trenton Cannon,Cannon,0,1,4500,IND@TEN,TEN,IND,IR,Knee,,,,RB/FLEX
81947-112790,WR,Trevon,Trevon Clark,Clark,,,4500,CLE@BAL,BAL,CLE,,,,,,WR/FLEX
81947-28827,RB,Dare,Dare Ogunbowale,Ogunbowale,4.3599998474121096,10,4500,HOU@LV,HOU,LV,,,,,,RB/FLEX
81947-86173,RB,Mekhi,Mekhi Sargent,Sargent,0.2750000059604645,4,4500,NYG@JAC,JAC,NYG,,,,,,RB/FLEX
81947-63646,WR,Lawrence,Lawrence Cager,Cager,0,1,4500,NYG@JAC,NYG,JAC,,,,,,WR/FLEX
81947-84137,WR,Deontez,Deontez Alexander,Alexander,,,4500,SEA@LAC,SEA,LAC,,,,,,WR/FLEX
81947-61610,RB,Jacques,Jacques Patrick,Patrick,1.2000000476837158,1,4500,ATL@CIN,CIN,ATL,,,,,,RB/FLEX
81947-105648,RB,Tyler,Tyler Goodson,Goodson,,,4500,GB@WAS,GB,WAS,,,,,,RB/FLEX
81947-52409,RB,Jakob,Jakob Johnson,Johnson,0.800000011920929,2,4500,HOU@LV,LV,HOU,,,,,,RB/FLEX
81947-40126,TE,Austin,Austin Hooper,Hooper,1.7,5,4500,IND@TEN,TEN,IND,,,,,,TE/FLEX
81947-170184,RB,Julius,Julius Chestnut,Chestnut,,,4500,IND@TEN,TEN,IND,,,,,,RB/FLEX
81947-170190,WR,Isaiah,Isaiah Weston,Weston,,,4500,CLE@BAL,CLE,BAL,IR,Knee,,,,WR/FLEX
81947-69836,WR,Collin,Collin Johnson,Johnson,2.2857142857142856,7,4500,NYG@JAC,NYG,JAC,IR,Achilles,,,,WR/FLEX
81947-40148,WR,Ishmael,Ishmael Hyman,Hyman,,,4500,GB@WAS,GB,WAS,Q,Undisclosed,,,,WR/FLEX
81947-70868,RB,Damarea,Damarea Crockett,Crockett,0.699999988079071,1,4500,NYJ@DEN,DEN,NYJ,IR,Knee - acl,,,,RB/FLEX
81947-149717,RB,JaQuan,JaQuan Hardy,Hardy,4.449999809265137,2,4500,NYJ@DEN,DEN,NYJ,,,,,,RB/FLEX
81947-48344,WR,Albert,Albert Wilson,Wilson,3.55,10,4500,HOU@LV,LV,HOU,,,,,,WR/FLEX
81947-130265,WR,John,John Hurst,Hurst,,,4500,IND@TEN,IND,TEN,Q,Ankle,,,,WR/FLEX
81947-57565,RB,Austin,Austin Walter,Walter,4.5,4,4500,HOU@LV,LV,HOU,,,,,,RB/FLEX
81947-87260,TE,Isaiah,Isaiah Likely,Likely,2.660000038146973,5,4500,CLE@BAL,BAL,CLE,,,,,,TE/FLEX
81947-95455,WR,D.J.,D.J. Montgomery,Montgomery,5.099999904632568,1,4500,IND@TEN,IND,TEN,,,,,,WR/FLEX
81947-170208,WR,Kaden,Kaden Davis,Davis,,,4500,NYJ@DEN,DEN,NYJ,,,,,,WR/FLEX
81947-170209,WR,Tyreik,Tyreik McAllister,McAllister,,,4500,NYJ@DEN,DEN,NYJ,Q,Hamstring,,,,WR/FLEX
81947-170214,WR,Dennis,Dennis Houston,Houston,1.2999999523162842,2,4500,DET@DAL,DAL,DET,,,,,,WR/FLEX
81947-69860,RB,Trayveon,Trayveon Williams,Williams,3,2,4500,ATL@CIN,CIN,ATL,,,,,,RB/FLEX
81947-130276,WR,Mason,Mason Kinsey,Kinsey,,,4500,IND@TEN,TEN,IND,,,,,,WR/FLEX
81947-130279,WR,Matt,Matt Cole,Cole,,,4500,GB@WAS,WAS,GB,,,,,,WR/FLEX
81947-170213,RB,Aaron,Aaron Shampklin,Shampklin,,,4500,DET@DAL,DAL,DET,Q,Ankle,,,,RB/FLEX
81947-170219,WR,Kevin,Kevin Kassis,Kassis,,,4500,SEA@LAC,SEA,LAC,,,,,,WR/FLEX
81947-28907,WR,Alex,Alex Erickson,Erickson,0.5833333333333334,12,4500,GB@WAS,WAS,GB,,,,,,WR/FLEX
81947-149742,RB,Nate,Nate McCrary,McCrary,-0.10000000149011612,1,4500,CLE@BAL,BAL,CLE,,,,,,RB/FLEX
81947-101614,WR,Brandon,Brandon Lewis,Lewis,,,4500,IND@TEN,TEN,IND,,,,,,WR/FLEX
81947-11504,WR,Andre,Andre Roberts,Roberts,0,1,4500,TB@CAR,CAR,TB,IR,Knee - pcl,,,,WR/FLEX
81947-88307,RB,Tayon,Tayon Fleet-Davis,Fleet-Davis,,,4500,KC@SF,KC,SF,,,,,,RB/FLEX
81947-94453,RB,Darwin,Darwin Thompson,Thompson,,,4500,SEA@LAC,SEA,LAC,,,,,,RB/FLEX
81947-12533,D,Green Bay,Green Bay Packers,Packers,5.5,6,4500,GB@WAS,GB,WAS,,,,,,DEF
81947-45307,WR,Rodney,Rodney Adams,Adams,0,1,4500,NYJ@DEN,NYJ,DEN,IR,Illness,,,,WR/FLEX
81947-69884,RB,Darius,Darius Anderson,Anderson,,,4500,HOU@LV,HOU,LV,IR,Knee,,,,RB/FLEX
81947-71935,WR,Kendric,Kendric Pryor,Pryor,,,4500,NYG@JAC,JAC,NYG,,,,,,WR/FLEX
81947-130317,WR,Juwan,Juwan Green,Green,,,4500,IND@TEN,TEN,IND,,,,,,WR/FLEX
81947-94481,WR,Deven,Deven Thompkins,Thompkins,,,4500,TB@CAR,TB,CAR,,,,,,WR/FLEX
81947-130320,WR,Aaron,Aaron Parker,Parker,,,4500,KC@SF,KC,SF,,,,,,WR/FLEX
81947-64786,RB,Ryquell,Ryquell Armstead,Armstead,5.550000190734863,2,4500,NYG@JAC,JAC,NYG,,,,,,RB/FLEX
81947-71957,WR,Quintez,Quintez Cephus,Cephus,2.5,1,4500,DET@DAL,DET,DAL,IR,Foot,,,,WR/FLEX
81947-68890,WR,Devin,Devin Gray,Gray,,,4500,KC@SF,KC,SF,,,,,,WR/FLEX
81947-60704,WR,Derrick,Derrick Dillon,Dillon,,,4500,CLE@BAL,CLE,BAL,,,,,,WR/FLEX
81947-60705,WR,Tyron,Tyron Johnson,Johnson,0,1,4500,HOU@LV,LV,HOU,,,,,,WR/FLEX
81947-130336,RB,Sandro,Sandro Platzgummer,Platzgummer,,,4500,NYG@JAC,NYG,JAC,,,,,,RB/FLEX
81947-68901,RB,Gerrid,Gerrid Doaks,Doaks,,,4500,HOU@LV,HOU,LV,,,,,,RB/FLEX
81947-91428,WR,Tarik,Tarik Black,Black,1.5,1,4500,NYJ@DEN,NYJ,DEN,,,,,,WR/FLEX
81947-91431,RB,Ben,Ben Mason,Mason,,,4500,CLE@BAL,BAL,CLE,,,,,,RB/FLEX
81947-89384,WR,DeMichael,DeMichael Harris,Harris,,,4500,IND@TEN,IND,TEN,,,,,,WR/FLEX
81947-102696,WR,John,John Metchie III,Metchie III,,,4500,HOU@LV,HOU,LV,IR,Illness,,,,WR/FLEX
81947-87338,WR,Jaivon,Jaivon Heiligh,Heiligh,,,4500,ATL@CIN,CIN,ATL,,,,,,WR/FLEX
81947-111917,WR,Keshunn,Keshunn Abram,Abram,,,4500,NYJ@DEN,NYJ,DEN,,,,,,WR/FLEX
81947-130350,WR,Jaylon,Jaylon Moore,Moore,,,4500,NYG@JAC,JAC,NYG,,,,,,WR/FLEX
81947-57651,WR,Travis,Travis Fulgham,Fulgham,,,4500,GB@WAS,GB,WAS,,,,,,WR/FLEX
81947-45371,WR,Darius,Darius Phillips,Phillips,-0.36363636363636365,11,4500,NYJ@DEN,DEN,NYJ,,,,,,WR/FLEX
81947-102721,WR,Dontario,Dontario Drummond,Drummond,,,4500,DET@DAL,DAL,DET,,,,,,WR/FLEX
81947-64835,RB,Dexter,Dexter Williams,Williams,,,4500,GB@WAS,GB,WAS,,,,,,RB/FLEX
81947-102729,RB,Snoop,Snoop Conner,Conner,,,4500,NYG@JAC,JAC,NYG,,,,,,RB/FLEX
81947-64843,WR,Jalen,Jalen Guyton,Guyton,3.700000047683716,2,4500,SEA@LAC,LAC,SEA,IR,Knee - acl,,,,WR/FLEX
81947-52560,WR,Geronimo,Geronimo Allison,Allison,0,1,4500,ATL@CIN,ATL,CIN,,,,,,WR/FLEX
81947-90458,RB,Troy,Troy Hairston,Hairston,1,1,4500,HOU@LV,HOU,LV,,,,,,RB/FLEX
81947-93541,RB,Javonte,Javonte Williams,Williams,8.5,4,4500,NYJ@DEN,DEN,NYJ,IR,Knee - acl,,,,RB/FLEX
81947-88430,RB,CJ,CJ Verdell,Verdell,,,4500,IND@TEN,IND,TEN,,,,,,RB/FLEX
81947-39286,TE,O.J.,O.J. Howard,Howard,4.340000152587891,5,4500,HOU@LV,HOU,LV,,,,,,TE/FLEX
81947-90487,WR,Kalil,Kalil Pimpleton,Pimpleton,,,4500,NYG@JAC,NYG,JAC,,,,,,WR/FLEX
81947-71039,WR,Kelvin,Kelvin Harmon,Harmon,,,4500,GB@WAS,WAS,GB,,,,,,WR/FLEX
81947-73088,WR,Kekoa,Kekoa Crawford,Crawford,,,4500,IND@TEN,IND,TEN,,,,,,WR/FLEX
81947-70023,WR,Cornell,Cornell Powell,Powell,,,4500,KC@SF,KC,SF,,,,,,WR/FLEX
81947-73095,WR,Samson,Samson Nacua,Nacua,,,4500,IND@TEN,IND,TEN,,,,,,WR/FLEX
81947-64905,WR,Trenton,Trenton Irwin,Irwin,1.100000023841858,4,4500,ATL@CIN,CIN,ATL,,,,,,WR/FLEX
81947-64907,WR,J.J.,J.J. Arcega-Whiteside,Arcega-Whiteside,1.149999976158142,4,4500,SEA@LAC,SEA,LAC,,,,,,WR/FLEX
81947-56716,WR,Brayden,Brayden Lenius,Lenius,,,4500,ATL@CIN,ATL,CIN,,,,,,WR/FLEX
81947-47501,WR,Marken,Marken Michel,Michel,,,4500,GB@WAS,WAS,GB,,,,,,WR/FLEX
81947-53646,WR,Austin,Austin Proehl,Proehl,,,4500,NYG@JAC,NYG,JAC,Q,Undisclosed,,,,WR/FLEX
81947-88463,WR,Johnny,Johnny Johnson III,Johnson III,,,4500,HOU@LV,HOU,LV,,,,,,WR/FLEX
81947-102802,WR,Makai,Makai Polk,Polk,,,4500,NYG@JAC,NYG,JAC,,,,,,WR/FLEX
81947-90518,WR,Slade,Slade Bolden,Bolden,,,4500,CLE@BAL,BAL,CLE,Q,Undisclosed,,,,WR/FLEX
81947-43416,WR,Trent,Trent Taylor,Taylor,-0.4,5,4500,ATL@CIN,CIN,ATL,,,,,,WR/FLEX
81947-93594,RB,Leddie,Leddie Brown,Brown,,,4500,SEA@LAC,LAC,SEA,,,,,,RB/FLEX
81947-64926,WR,Michael,Michael Jacquet III,Jacquet III,,,4500,SEA@LAC,LAC,SEA,,,,,,WR/FLEX
81947-44449,WR,Willie,Willie Snead IV,Snead IV,0.8285714558192662,7,4500,KC@SF,SF,KC,,,,,,WR/FLEX
81947-90533,RB,Jerome,Jerome Ford,Ford,0,4,4500,CLE@BAL,CLE,BAL,IR,Ankle,,,,RB/FLEX
81947-111012,WR,Kaylon,Kaylon Geiger Sr.,Geiger Sr.,,,4500,TB@CAR,TB,CAR,,,,,,WR/FLEX
81947-80299,RB,Patrick,Patrick Ricard,Ricard,1.3800000190734862,5,4500,CLE@BAL,BAL,CLE,Q,Knee,,,,RB/FLEX
81947-62891,WR,Omar,Omar Bayless,Bayless,,,4500,KC@SF,KC,SF,,,,,,WR/FLEX
81947-63919,WR,Bailey,Bailey Gaither,Gaither,,,4500,CLE@BAL,BAL,CLE,,,,,,WR/FLEX
81947-92590,RB,Raheem,Raheem Blackshear,Blackshear,0,2,4500,TB@CAR,CAR,TB,,,,,,RB/FLEX
81947-64949,WR,Ja'Marcus,Ja'Marcus Bradley,Bradley,2.7999998728434243,3,4500,CLE@BAL,CLE,BAL,,,,,,WR/FLEX
81947-114100,RB,Isaiah,Isaiah Spiller,Spiller,,,4500,SEA@LAC,LAC,SEA,,,,,,RB/FLEX
81947-72122,WR,Jake,Jake Herslow,Herslow,,,4500,SEA@LAC,SEA,LAC,,,,,,WR/FLEX
81947-92606,WR,Bo,Bo Melton,Melton,,,4500,SEA@LAC,SEA,LAC,,,,,,WR/FLEX
81947-69056,WR,Mathew,Mathew Sexton,Sexton,,,4500,KC@SF,KC,SF,Q,Undisclosed,,,,WR/FLEX
81947-55750,WR,Chris,Chris Lacy,Lacy,,,4500,HOU@LV,LV,HOU,,,,,,WR/FLEX
81947-72135,WR,T.J.,T.J. Vasher,Vasher,,,4500,DET@DAL,DAL,DET,,,,,,WR/FLEX
81947-26057,RB,Michael,Michael Burton,Burton,0.5,3,4500,KC@SF,KC,SF,,,,,,RB/FLEX
81947-86472,WR,John,John Hightower,Hightower,0,1,4500,SEA@LAC,LAC,SEA,,,,,,WR/FLEX
81947-112088,RB,Jerrion,Jerrion Ealy,Ealy,,,4500,KC@SF,KC,SF,O,Suspension,,,,RB/FLEX
81947-103901,WR,Davion,Davion Davis,Davis,1.100000023841858,2,4500,HOU@LV,HOU,LV,,,,,,WR/FLEX
81947-73180,WR,Binjimen,Binjimen Victor,Victor,,,4500,CLE@BAL,BAL,CLE,,,,,,WR/FLEX
81947-14820,RB,Nick,Nick Bellore,Bellore,0.8999999761581421,1,4500,SEA@LAC,SEA,LAC,,,,,,RB/FLEX
81947-71143,TE,Kylen,Kylen Granson,Granson,3.9833332697550454,6,4500,IND@TEN,IND,TEN,,,,,,TE/FLEX
81947-31207,TE,C.J.,C.J. Uzomah,Uzomah,1.9666666984558105,3,4500,NYJ@DEN,NYJ,DEN,,,,,,TE/FLEX
81947-152042,WR,Drew,Drew Estrada,Estrada,,,4500,HOU@LV,HOU,LV,Q,Leg,,,,WR/FLEX
81947-72174,WR,Andrew,Andrew Parchment,Parchment,,,4500,TB@CAR,CAR,TB,Q,Undisclosed,,,,WR/FLEX
81947-57840,RB,Rashaad,Rashaad Penny,Penny,10.04000015258789,5,4500,SEA@LAC,SEA,LAC,IR,Ankle,,,,RB/FLEX
81947-113138,WR,Talolo,Talolo Limu-Jones,Limu-Jones,,,4500,TB@CAR,CAR,TB,,,,,,WR/FLEX
81947-62967,WR,Preston,Preston Williams,Williams,1.8000000317891438,6,4500,TB@CAR,CAR,TB,,,,,,WR/FLEX
81947-103930,WR,Derek,Derek Wright,Wright,,,4500,TB@CAR,CAR,TB,,,,,,WR/FLEX
81947-54782,TE,Cameron,Cameron Brate,Brate,3.5799999237060547,5,4500,TB@CAR,TB,CAR,O,Neck,,,,TE/FLEX
81947-103943,WR,Trinity,Trinity Benson,Benson,2.1857143129621233,7,4500,NYJ@DEN,DEN,NYJ,,,,,,WR/FLEX
81947-88590,RB,Scottie,Scottie Phillips,Phillips,1.600000023841858,2,4500,HOU@LV,HOU,LV,,,,,,RB/FLEX
81947-69150,WR,Jordan,Jordan Veasy,Veasy,0,1,4500,HOU@LV,LV,HOU,,,,,,WR/FLEX
81947-96798,RB,Josh,Josh Johnson,Johnson,,,4500,SEA@LAC,SEA,LAC,Q,Undisclosed,,,,RB/FLEX
81947-54817,WR,Diontae,Diontae Spencer,Spencer,-0.25333333015441895,15,4500,NYJ@DEN,NYJ,DEN,,,,,,WR/FLEX
81947-89632,WR,Connor,Connor Wedington,Wedington,,,4500,KC@SF,SF,KC,,,,,,WR/FLEX
81947-72235,WR,Damon,Damon Hazelton,Hazelton,,,4500,HOU@LV,HOU,LV,,,,,,WR/FLEX
81947-63025,RB,Nathan,Nathan Cottrell,Cottrell,0.30000001192092896,1,4500,NYG@JAC,JAC,NYG,Q,Undisclosed,,,,RB/FLEX
81947-128566,WR,Kameron,Kameron Brown,Brown,,,4500,TB@CAR,TB,CAR,,,,,,WR/FLEX
81947-89663,WR,Danny,Danny Davis,Davis,,,4500,GB@WAS,GB,WAS,Q,Ankle,,,,WR/FLEX
81947-128574,RB,Shermari,Shermari Jones,Jones,,,4500,ATL@CIN,CIN,ATL,,,,,,RB/FLEX
81947-87617,WR,Sage,Sage Surratt,Surratt,,,4500,SEA@LAC,LAC,SEA,Q,Undisclosed,,,,WR/FLEX
81947-93767,WR,Calvin,Calvin Jackson Jr.,Jackson Jr.,,,4500,NYJ@DEN,NYJ,DEN,,,,,,WR/FLEX
81947-71241,WR,Brandon,Brandon Johnson,Johnson,,,4500,NYJ@DEN,DEN,NYJ,,,,,,WR/FLEX
81947-150090,WR,Cade,Cade Johnson,Johnson,,,4500,SEA@LAC,SEA,LAC,,,,,,WR/FLEX
81947-104012,WR,Ashton,Ashton Dulin,Dulin,4.6200000762939455,5,4500,IND@TEN,IND,TEN,IR,Foot,,,,WR/FLEX
81947-54863,WR,C.J.,C.J. Goodwin,Goodwin,2.0999999046325684,1,4500,DET@DAL,DAL,DET,,,,,,WR/FLEX
81947-69205,WR,Trevon,Trevon Bradford,Bradford,,,4500,SEA@LAC,LAC,SEA,,,,,,WR/FLEX
81947-63061,WR,Gary,Gary Jennings,Jennings,,,4500,KC@SF,KC,SF,Q,Concussion,,,,WR/FLEX
81947-86614,RB,Jeremiah,Jeremiah Hall,Hall,,,4500,NYG@JAC,NYG,JAC,,,,,,RB/FLEX
81947-93782,WR,Travell,Travell Harris,Harris,,,4500,CLE@BAL,CLE,BAL,,,,,,WR/FLEX
81947-72297,RB,Rico,Rico Dowdle,Dowdle,,,4500,DET@DAL,DAL,DET,IR,Ankle,,,,RB/FLEX
81947-86635,WR,Charleston,Charleston Rambo,Rambo,,,4500,TB@CAR,CAR,TB,,,,,,WR/FLEX
81947-104054,RB,Sincere,Sincere McCormick,McCormick,,,4500,HOU@LV,LV,HOU,IR,Undisclosed,,,,RB/FLEX
81947-93824,WR,Easop,Easop Winston,Winston,0.3333333333333333,3,4500,SEA@LAC,SEA,LAC,,,,,,WR/FLEX
81947-88707,RB,Kevin,Kevin Marks Jr.,Marks Jr.,,,4500,SEA@LAC,LAC,SEA,,,,,,RB/FLEX
81947-55941,RB,Patrick,Patrick Laird,Laird,1.1999999682108562,3,4500,TB@CAR,TB,CAR,,,,,,RB/FLEX
81947-85636,WR,Josh,Josh Johnson,Johnson,,,4500,DET@DAL,DET,DAL,,,,,,WR/FLEX
81947-27273,RB,Andy,Andy Janovich,Janovich,2.0799999237060547,5,4500,HOU@LV,HOU,LV,,,,,,RB/FLEX
81947-61072,WR,Stanley,Stanley Morgan,Morgan,0,1,4500,ATL@CIN,CIN,ATL,D,Hamstring,,,,WR/FLEX
81947-94864,RB,Jashaun,Jashaun Corbin,Corbin,,,4500,NYG@JAC,NYG,JAC,,,,,,RB/FLEX
81947-93845,WR,Tay,Tay Martin,Martin,,,4500,KC@SF,SF,KC,,,,,,WR/FLEX
81947-55970,RB,Royce,Royce Freeman,Freeman,2.6909091255881568,11,4500,HOU@LV,HOU,LV,,,,,,RB/FLEX
81947-52902,WR,Trey,Trey Quinn,Quinn,,,4500,NYJ@DEN,DEN,NYJ,,,,,,WR/FLEX
81947-94887,RB,Tyler,Tyler Badie,Badie,,,4500,CLE@BAL,BAL,CLE,,,,,,RB/FLEX
81947-93864,RB,Ricky,Ricky Person Jr.,Person Jr.,,,4500,CLE@BAL,BAL,CLE,IR,Undisclosed,,,,RB/FLEX
81947-29357,RB,Kenjon,Kenjon Barner,Barner,0,3,4500,TB@CAR,TB,CAR,Q,Undisclosed,,,,RB/FLEX
81947-96942,WR,Keelan,Keelan Doss,Doss,,,4500,SEA@LAC,LAC,SEA,,,,,,WR/FLEX
81947-69296,WR,Corey,Corey Sutton,Sutton,,,4500,DET@DAL,DET,DAL,,,,,,WR/FLEX
81947-89785,RB,Spencer,Spencer Brown,Brown,,,4500,TB@CAR,CAR,TB,,,,,,RB/FLEX
81947-71355,RB,Elijah,Elijah Holyfield,Holyfield,,,4500,ATL@CIN,CIN,ATL,IR,Knee,,,,RB/FLEX
81947-104124,WR,Darrius,Darrius Shepherd,Shepherd,,,4500,NYJ@DEN,DEN,NYJ,,,,,,WR/FLEX
81947-72382,RB,Gabe,Gabe Nabers,Nabers,0.8,5,4500,SEA@LAC,LAC,SEA,,,,,,RB/FLEX
81947-139971,WR,Jerreth,Jerreth Sterns,Sterns,,,4500,TB@CAR,TB,CAR,,,,,,WR/FLEX
81947-30403,WR,Chris,Chris Conley,Conley,0,1,4500,KC@SF,KC,SF,,,,,,WR/FLEX
81947-88776,WR,Ty,Ty Fryfogle,Fryfogle,,,4500,DET@DAL,DAL,DET,,,,,,WR/FLEX
81947-25290,RB,Giovani,Giovani Bernard,Bernard,0,1,4500,TB@CAR,TB,CAR,IR,Ankle,,,,RB/FLEX
81947-53967,RB,Nick,Nick Bawden,Bawden,2.5,1,4500,NYJ@DEN,NYJ,DEN,IR,Undisclosed,,,,RB/FLEX
81947-81616,WR,Rashard,Rashard Davis,Davis,,,4500,NYJ@DEN,NYJ,DEN,,,,,,WR/FLEX
81947-85714,RB,Tory,Tory Carter,Carter,0,1,4500,IND@TEN,TEN,IND,O,Neck,,,,RB/FLEX
81947-71382,WR,Osirus,Osirus Mitchell,Mitchell,,,4500,GB@WAS,GB,WAS,Q,Quadriceps,,,,WR/FLEX
81947-88793,RB,Stevie,Stevie Scott III,Scott III,,,4500,NYJ@DEN,DEN,NYJ,,,,,,RB/FLEX
81947-94936,RB,Larry,Larry Rountree III,Rountree III,1.677777820163303,9,4500,SEA@LAC,LAC,SEA,,,,,,RB/FLEX
81947-64222,RB,Jordan,Jordan Glasgow,Glasgow,,,4500,IND@TEN,IND,TEN,Q,Undisclosed,,,,RB/FLEX
81947-45791,WR,Rashard,Rashard Higgins,Higgins,3.7916666666666665,12,4500,TB@CAR,CAR,TB,,,,,,WR/FLEX
81947-85731,WR,Racey,Racey McMath,McMath,-0.04000000059604645,5,4500,IND@TEN,TEN,IND,IR,Undisclosed,,,,WR/FLEX
81947-70372,WR,Chester,Chester Rogers,Rogers,-0.6666666666666666,3,4500,CLE@BAL,CLE,BAL,,,,,,WR/FLEX
81947-57064,RB,Ryan,Ryan Nall,Nall,0.6499999761581421,2,4500,DET@DAL,DAL,DET,Q,Shoulder,,,,RB/FLEX
81947-72427,WR,Kwamie,Kwamie Lassiter II,Lassiter II,,,4500,ATL@CIN,CIN,ATL,,,,,,WR/FLEX
81947-64242,WR,Keke,Keke Coutee,Coutee,0,2,4500,IND@TEN,IND,TEN,O,Concussion,,,,WR/FLEX
81947-91897,WR,Ethan,Ethan Fernea,Fernea,,,4500,IND@TEN,IND,TEN,,,,,,WR/FLEX
81947-57091,WR,Tim,Tim Patrick,Patrick,8.118749618530273,16,4500,NYJ@DEN,DEN,NYJ,IR,Knee - acl,,,,WR/FLEX
81947-72453,WR,Denzel,Denzel Mims,Mims,1.7299999237060546,10,4500,NYJ@DEN,NYJ,DEN,,,,,,WR/FLEX
81947-136970,WR,Danny,Danny Gray,Gray,0,2,4500,KC@SF,SF,KC,,,,,,WR/FLEX
81947-41741,WR,DaeSean,DaeSean Hamilton,Hamilton,,,4500,HOU@LV,HOU,LV,Q,Knee,,,,WR/FLEX
81947-61200,WR,Jaylinn,Jaylinn Hawkins,Hawkins,6,1,4500,ATL@CIN,ATL,CIN,,,,,,WR/FLEX
81947-94993,RB,Pooka,Pooka Williams Jr.,Williams Jr.,0,1,4500,ATL@CIN,CIN,ATL,,,,,,RB/FLEX
81947-40726,RB,Godwin,Godwin Igwebuike,Igwebuike,1.792307633620042,13,4500,SEA@LAC,SEA,LAC,,,,,,RB/FLEX
81947-71459,RB,Brittain,Brittain Brown,Brown,,,4500,HOU@LV,LV,HOU,,,,,,RB/FLEX
81947-56099,RB,Cullen,Cullen Gillaspia,Gillaspia,,,4500,SEA@LAC,SEA,LAC,,,,,,RB/FLEX
81947-82731,WR,Brandon,Brandon Zylstra,Zylstra,4.444444444444445,9,4500,DET@DAL,DET,DAL,,,,,,WR/FLEX
81947-55088,WR,Malik,Malik Turner,Turner,5,8,4500,KC@SF,SF,KC,,,,,,WR/FLEX
81947-71477,WR,Maurice,Maurice Ffrench,Ffrench,0.30000001192092896,1,4500,SEA@LAC,LAC,SEA,,,,,,WR/FLEX
81947-158520,WR,Daylen,Daylen Baldwin,Baldwin,,,4500,CLE@BAL,CLE,BAL,,,,,,WR/FLEX
81947-38721,RB,Johnny,Johnny Stanton IV,Stanton IV,2.7333332697550454,3,4500,CLE@BAL,CLE,BAL,,,,,,RB/FLEX
81947-73551,WR,Stantley,Stantley Thomas-Oliver III,Thomas-Oliver III,,,4500,TB@CAR,CAR,TB,IR,Thigh,,,,WR/FLEX
81947-72531,WR,Taysir,Taysir Mack,Mack,,,4500,KC@SF,SF,KC,,,,,,WR/FLEX
81947-27477,WR,Sterling,Sterling Shepard,Shepard,9.299999872843424,3,4500,NYG@JAC,NYG,JAC,IR,Knee - acl,,,,WR/FLEX
81947-103252,RB,Zonovan,Zonovan Knight,Knight,,,4500,NYJ@DEN,NYJ,DEN,,,,,,RB/FLEX
81947-93016,RB,B.J.,B.J. Baylor,Baylor,,,4500,ATL@CIN,ATL,CIN,,,,,,RB/FLEX
81947-64350,WR,Jeff,Jeff Smith,Smith,1.2666666507720947,3,4500,NYJ@DEN,NYJ,DEN,,,,,,WR/FLEX
81947-71519,WR,Dillon,Dillon Stoner,Stoner,,,4500,HOU@LV,LV,HOU,O,Undisclosed,,,,WR/FLEX
81947-93023,RB,Jermar,Jermar Jefferson,Jefferson,5.925000190734863,4,4500,DET@DAL,DET,DAL,,,,,,RB/FLEX
81947-104289,WR,Malik,Malik Taylor,Taylor,0.0800000011920929,5,4500,GB@WAS,GB,WAS,Q,Undisclosed,,,,WR/FLEX
81947-104297,WR,Jason,Jason Moore Jr.,Moore Jr.,7.099999904632568,1,4500,SEA@LAC,LAC,SEA,,,,,,WR/FLEX
81947-169834,WR,Dareke,Dareke Young,Young,,,4500,SEA@LAC,SEA,LAC,,,,,,WR/FLEX
81947-89964,WR,Justyn,Justyn Ross,Ross,,,4500,KC@SF,KC,SF,IR,Foot,,,,WR/FLEX
81947-70531,WR,Jack,Jack Sorenson,Sorenson,,,4500,ATL@CIN,CIN,ATL,,,,,,WR/FLEX
81947-91012,RB,Greg,Greg Bell,Bell,,,4500,DET@DAL,DET,DAL,IR,Hamstring,,,,RB/FLEX
81947-43912,WR,Chad,Chad Beebe,Beebe,,,4500,HOU@LV,HOU,LV,,,,,,WR/FLEX
81947-39818,RB,Wayne,Wayne Gallman Jr.,Gallman Jr.,1.8571428571428572,7,4500,KC@SF,KC,SF,,,,,,RB/FLEX
81947-41867,RB,Jordan,Jordan Wilkins,Wilkins,0,1,4500,IND@TEN,TEN,IND,,,,,,RB/FLEX
81947-45964,WR,Marcus,Marcus Kemp,Kemp,0.6800000190734863,5,4500,KC@SF,KC,SF,,,,,,WR/FLEX
81947-73616,WR,Willie,Willie Johnson,Johnson,,,4500,NYG@JAC,JAC,NYG,IR,Undisclosed,,,,WR/FLEX
81947-64403,WR,Irvin,Irvin Charles,Charles,,,4500,NYJ@DEN,NYJ,DEN,,,,,,WR/FLEX
81947-169890,WR,LuJuan,LuJuan Winningham,Winningham,,,4500,NYG@JAC,JAC,NYG,,,,,,WR/FLEX
81947-63399,WR,Terry,Terry Godwin II,Godwin II,,,4500,IND@TEN,TEN,IND,,,,,,WR/FLEX
81947-94118,WR,Mike,Mike Harley Jr.,Harley Jr.,,,4500,CLE@BAL,CLE,BAL,,,,,,WR/FLEX
81947-169898,WR,Jequez,Jequez Ezzard,Ezzard,,,4500,GB@WAS,WAS,GB,Q,Undisclosed,,,,WR/FLEX
81947-91055,WR,Kevin,Kevin Austin Jr.,Austin Jr.,,,4500,NYG@JAC,JAC,NYG,,,,,,WR/FLEX
81947-169900,WR,Jared,Jared Bernhardt,Bernhardt,,,4500,ATL@CIN,ATL,CIN,O,Groin,,,,WR/FLEX
81947-169901,WR,Tyshaun,Tyshaun James,James,,,4500,ATL@CIN,ATL,CIN,,,,,,WR/FLEX
81947-55224,RB,Reggie,Reggie Bonnafon,Bonnafon,2.5999999046325684,1,4500,GB@WAS,WAS,GB,,,,,,RB/FLEX
81947-85944,WR,Kyric,Kyric McGowan,McGowan,,,4500,GB@WAS,WAS,GB,,,,,,WR/FLEX
81947-71613,WR,Demetris,Demetris Robertson,Robertson,,,4500,SEA@LAC,SEA,LAC,,,,,,WR/FLEX
81947-32703,WR,Jakeem,Jakeem Grant Sr.,Grant Sr.,2.2666666666666666,15,4500,CLE@BAL,CLE,BAL,IR,Achilles,,,,WR/FLEX
81947-43973,RB,Keith,Keith Smith,Smith,0.75,2,4500,ATL@CIN,ATL,CIN,,,,,,RB/FLEX
81947-70601,TE,Harrison,Harrison Bryant,Bryant,3.1799999237060548,5,4500,CLE@BAL,CLE,BAL,,,,,,TE/FLEX
81947-86984,WR,Devon,Devon Williams,Williams,,,4500,CLE@BAL,BAL,CLE,,,,,,WR/FLEX
81947-91085,WR,Michael,Michael Young Jr.,Young Jr.,,,4500,IND@TEN,IND,TEN,,,,,,WR/FLEX
81947-88016,WR,Ryan,Ryan McDaniel,McDaniel,,,4500,NYG@JAC,JAC,NYG,,,,,,WR/FLEX
81947-56289,RB,Jason,Jason Cabinda,Cabinda,1.6999999455043249,7,4500,DET@DAL,DET,DAL,NA,Ankle,,,,RB/FLEX
81947-71662,WR,DJ,DJ Turner,Turner,,,4500,HOU@LV,LV,HOU,IR,Ankle,,,,WR/FLEX
81947-31732,WR,Corey,Corey Coleman,Coleman,,,4500,KC@SF,KC,SF,,,,,,WR/FLEX
81947-86007,WR,Tre,Tre Turner,Turner,,,4500,HOU@LV,LV,HOU,,,,,,WR/FLEX
81947-63479,RB,John,John Kelly Jr.,Kelly Jr.,1.2999999523162842,1,4500,CLE@BAL,CLE,BAL,,,,,,RB/FLEX
81947-104447,TE,Jody,Jody Fortson,Fortson,4.700000127156575,3,4500,KC@SF,KC,SF,,,,,,TE/FLEX
81947-72705,TE,John,John Bates,Bates,2.3600000381469726,5,4400,GB@WAS,WAS,GB,Q,Hamstring,,,,TE/FLEX
81947-12555,D,Baltimore,Baltimore Ravens,Ravens,7.666666666666667,6,4400,CLE@BAL,BAL,CLE,,,,,,DEF
81947-63907,TE,Josh,Josh Oliver,Oliver,3.633333206176758,3,4400,CLE@BAL,BAL,CLE,,,,,,TE/FLEX
81947-89588,TE,Colby,Colby Parkinson,Parkinson,5.650000095367432,4,4400,SEA@LAC,SEA,LAC,,,,,,TE/FLEX
81947-29411,TE,Pharaoh,Pharaoh Brown,Brown,3.450000047683716,4,4400,CLE@BAL,CLE,BAL,,,,,,TE/FLEX
81947-88816,TE,Peyton,Peyton Hendershot,Hendershot,4.5,2,4400,DET@DAL,DAL,DET,,,,,,TE/FLEX
81947-14237,TE,Kyle,Kyle Rudolph,Rudolph,0.8500000238418579,2,4400,TB@CAR,TB,CAR,,,,,,TE/FLEX
81947-93143,TE,Noah,Noah Gray,Gray,2.816666603088379,6,4400,KC@SF,KC,SF,,,,,,TE/FLEX
81947-104421,TE,Jesper,Jesper Horsted,Horsted,3.4000000953674316,1,4400,HOU@LV,LV,HOU,,,,,,TE/FLEX
81947-57338,TE,Jordan,Jordan Akins,Akins,6.033333460489909,3,4400,HOU@LV,HOU,LV,,,,,,TE/FLEX
81947-79980,TE,Eric,Eric Saubert,Saubert,3.5599998474121093,5,4300,NYJ@DEN,DEN,NYJ,,,,,,TE/FLEX
81947-58499,TE,Parker,Parker Hesse,Hesse,1.524999976158142,4,4300,ATL@CIN,ATL,CIN,,,,,,TE/FLEX
81947-94345,TE,Cole,Cole Turner,Turner,1.649999976158142,2,4300,GB@WAS,WAS,GB,,,,,,TE/FLEX
81947-12544,D,New York,New York Jets,Jets,8.5,6,4300,NYJ@DEN,NYJ,DEN,,,,,,DEF
81947-89680,TE,Jake,Jake Ferguson,Ferguson,5.166666666666667,3,4300,DET@DAL,DAL,DET,,,,,,TE/FLEX
81947-38523,TE,Geoff,Geoff Swaim,Swaim,4.600000063578288,3,4300,IND@TEN,TEN,IND,,,,,,TE/FLEX
81947-61112,TE,Josiah,Josiah Deguara,Deguara,2.0250000953674316,4,4300,GB@WAS,GB,WAS,,,,,,TE/FLEX
81947-104278,TE,Donald,Donald Parham Jr.,Parham Jr.,3.4000000953674316,2,4300,SEA@LAC,LAC,SEA,O,Concussion,,,,TE/FLEX
81947-94094,TE,Brevin,Brevin Jordan,Jordan,1.149999976158142,2,4300,HOU@LV,HOU,LV,Q,Ankle,,,,TE/FLEX
81947-91101,TE,Tommy,Tommy Tremble,Tremble,1.6749999523162842,4,4300,TB@CAR,CAR,TB,,,,,,TE/FLEX
81947-68730,TE,Sean,Sean McKeon,McKeon,1.5,1,4200,DET@DAL,DAL,DET,,,,,,TE/FLEX
81947-54426,TE,Andrew,Andrew Beck,Beck,1.8250000476837158,4,4200,NYJ@DEN,DEN,NYJ,,,,,,TE/FLEX
81947-89283,TE,Tre',Tre' McKitty,McKitty,1.6000000635782878,3,4200,SEA@LAC,LAC,SEA,,,,,,TE/FLEX
81947-83138,TE,Ross,Ross Dwelley,Dwelley,3.9666665395100913,3,4200,KC@SF,SF,KC,,,,,,TE/FLEX
81947-12534,D,Tennessee,Tennessee Titans,Titans,5,5,4200,IND@TEN,TEN,IND,,,,,,DEF
81947-80294,TE,Anthony,Anthony Firkser,Firkser,1.8000000317891438,3,4200,ATL@CIN,ATL,CIN,,,,,,TE/FLEX
81947-6672,TE,Marcedes,Marcedes Lewis,Lewis,6.699999809265137,1,4200,GB@WAS,GB,WAS,,,,,,TE/FLEX
81947-18009,TE,Chris,Chris Manhertz,Manhertz,1.5,2,4200,NYG@JAC,JAC,NYG,,,,,,TE/FLEX
81947-56947,TE,Chris,Chris Myarick,Myarick,2.866666793823242,3,4200,NYG@JAC,NYG,JAC,,,,,,TE/FLEX
81947-65182,TE,Mitchell,Mitchell Wilcox,Wilcox,1.5,3,4200,ATL@CIN,CIN,ATL,,,,,,TE/FLEX
81947-91046,TE,Brock,Brock Wright,Wright,3,1,4200,DET@DAL,DET,DAL,,,,,,TE/FLEX
81947-65477,TE,Giovanni,Giovanni Ricci,Ricci,2.7666667302449546,3,4200,TB@CAR,CAR,TB,,,,,,TE/FLEX
81947-69655,TE,Stephen,Stephen Sullivan,Sullivan,0.8999999761581421,2,4100,TB@CAR,CAR,TB,,,,,,TE/FLEX
81947-62510,TE,Nick,Nick Boyle,Boyle,0.3499999940395355,2,4100,CLE@BAL,BAL,CLE,,,,,,TE/FLEX
81947-68714,TE,Ko,Ko Kieft,Kieft,2.4000000953674316,1,4100,TB@CAR,TB,CAR,,,,,,TE/FLEX
81947-86178,TE,Dominique,Dominique Dafney,Dafney,0.8800000190734864,5,4100,NYJ@DEN,DEN,NYJ,,,,,,TE/FLEX
81947-83117,TE,Tanner,Tanner Hudson,Hudson,2.75,2,4100,NYG@JAC,NYG,JAC,,,,,,TE/FLEX
81947-12543,D,New York,New York Giants,Giants,6.166666666666667,6,4100,NYG@JAC,NYG,JAC,,,,,,DEF
81947-149832,TE,Shane,Shane Zylstra,Zylstra,2.450000047683716,2,4100,DET@DAL,DET,DAL,,,,,,TE/FLEX
81947-56711,TE,Drew,Drew Sample,Sample,0.4000000059604645,2,4100,ATL@CIN,CIN,ATL,IR,Knee - mcl,,,,TE/FLEX
81947-28080,TE,Devin,Devin Funchess,Funchess,,,4100,DET@DAL,DET,DAL,,,,,,TE/FLEX
81947-26038,TE,Tyler,Tyler Kroft,Kroft,1.399999976158142,1,4100,KC@SF,SF,KC,,,,,,TE/FLEX
81947-47551,TE,Mason,Mason Schreck,Schreck,0.800000011920929,2,4100,HOU@LV,HOU,LV,,,,,,TE/FLEX
81947-31169,TE,Jeremy,Jeremy Sprinkle,Sprinkle,2.299999952316284,2,4100,DET@DAL,DAL,DET,Q,Achilles,,,,TE/FLEX
81947-73176,TE,Luke,Luke Farrell,Farrell,1.600000023841858,1,4100,NYG@JAC,JAC,NYG,,,,,,TE/FLEX
81947-29314,TE,Richard,Richard Rodgers,Rodgers,0,1,4100,SEA@LAC,LAC,SEA,,,,,,TE/FLEX
81947-80546,TE,Dan,Dan Arnold,Arnold,2.300000031789144,3,4100,NYG@JAC,JAC,NYG,,,,,,TE/FLEX
81947-61172,TE,Tyler,Tyler Davis,Davis,1.149999976158142,4,4100,GB@WAS,GB,WAS,,,,,,TE/FLEX
81947-71697,TE,Shaun,Shaun Beyer,Beyer,,,4000,GB@WAS,GB,WAS,,,,,,TE/FLEX
81947-40977,TE,Ricky,Ricky Seals-Jones,Seals-Jones,4.918181679465554,11,4000,NYG@JAC,NYG,JAC,Q,Toe,,,,TE/FLEX
81947-28694,TE,Jesse,Jesse James,James,3.924999952316284,4,4000,CLE@BAL,CLE,BAL,IR,Biceps,,,,TE/FLEX
81947-137249,TE,Briley,Briley Moore,Moore,,,4000,IND@TEN,TEN,IND,,,,,,TE/FLEX
81947-69686,TE,Dylan,Dylan Parham,Parham,,,4000,NYJ@DEN,DEN,NYJ,,,,,,TE/FLEX
81947-69705,TE,Garrett,Garrett Walston,Walston,,,4000,KC@SF,SF,KC,,,,,,TE/FLEX
81947-165962,TE,Nikola,Nikola Kalinic,Kalinic,,,4000,IND@TEN,IND,TEN,,,,,,TE/FLEX
81947-42077,TE,James,James Winchester,Winchester,,,4000,KC@SF,KC,SF,,,,,,TE/FLEX
81947-46177,TE,David,David Wells,Wells,,,4000,TB@CAR,TB,CAR,,,,,,TE/FLEX
81947-68708,TE,Seth,Seth Green,Green,,,4000,DET@DAL,DAL,DET,,,,,,TE/FLEX
81947-46200,TE,Daniel,Daniel Brunskill,Brunskill,,,4000,KC@SF,SF,KC,,,,,,TE/FLEX
81947-80011,TE,Antony,Antony Auclair,Auclair,3.299999952316284,4,4000,HOU@LV,HOU,LV,Q,Knee,,,,TE/FLEX
81947-72863,TE,Armani,Armani Rogers,Rogers,2.799999952316284,1,4000,GB@WAS,WAS,GB,,,,,,TE/FLEX
81947-32957,TE,Eric,Eric Tomlinson,Tomlinson,0.6999999682108561,3,4000,NYJ@DEN,DEN,NYJ,,,,,,TE/FLEX
81947-9409,TE,Clark,Clark Harris,Harris,,,4000,ATL@CIN,CIN,ATL,IR,Biceps,,,,TE/FLEX
81947-65737,TE,Sam,Sam Tecklenburg,Tecklenburg,,,4000,TB@CAR,CAR,TB,,,,,,TE/FLEX
81947-170191,TE,Ben,Ben Beise,Beise,,,4000,TB@CAR,TB,CAR,,,,,,TE/FLEX
81947-12537,D,Las Vegas,Las Vegas Raiders,Raiders,3.8,5,4000,HOU@LV,LV,HOU,,,,,,DEF
81947-64762,TE,Nakia,Nakia Griffin-Stewart,Griffin-Stewart,,,4000,IND@TEN,IND,TEN,,,,,,TE/FLEX
81947-61693,TE,Danny,Danny Pinter,Pinter,6.699999809265137,1,4000,IND@TEN,IND,TEN,,,,,,TE/FLEX
81947-97537,TE,Naz,Naz Bohannon,Bohannon,,,4000,NYG@JAC,JAC,NYG,,,,,,TE/FLEX
81947-12549,D,San Francisco,San Francisco 49ers,49ers,10.833333333333334,6,4000,KC@SF,SF,KC,,,,,,DEF
81947-83226,TE,Kevin,Kevin Rader,Rader,0.8999999761581421,2,4000,IND@TEN,TEN,IND,,,,,,TE/FLEX
81947-90398,TE,Matt,Matt Bushman,Bushman,,,4000,KC@SF,KC,SF,Q,Collarbone,,,,TE/FLEX
81947-170282,TE,JJ,JJ Howland,Howland,,,4000,TB@CAR,TB,CAR,,,,,,TE/FLEX
81947-170290,TE,Andre,Andre Miller,Miller,,,4000,NYG@JAC,NYG,JAC,Q,Wrist,,,,TE/FLEX
81947-55609,TE,Ryan,Ryan Izzo,Izzo,,,4000,TB@CAR,CAR,TB,,,,,,TE/FLEX
81947-64833,TE,Alize,Alize Mack,Mack,,,4000,GB@WAS,GB,WAS,Q,Undisclosed,,,,TE/FLEX
81947-86359,TE,Jared,Jared Scott,Scott,,,4000,IND@TEN,IND,TEN,,,,,,TE/FLEX
81947-63839,TE,Tyler,Tyler Mabry,Mabry,,,4000,SEA@LAC,SEA,LAC,,,,,,TE/FLEX
81947-153957,TE,Zaire,Zaire Mitchell-Paden,Mitchell-Paden,,,4000,CLE@BAL,CLE,BAL,,,,,,TE/FLEX
81947-90483,TE,Bernhard,Bernhard Raimann,Raimann,,,4000,IND@TEN,IND,TEN,,,,,,TE/FLEX
81947-92530,TE,Cade,Cade Brewer,Brewer,,,4000,SEA@LAC,SEA,LAC,,,,,,TE/FLEX
81947-60788,TE,Nick,Nick Ralston,Ralston,,,4000,DET@DAL,DAL,DET,,,,,,TE/FLEX
81947-60791,TE,Tommy,Tommy Hudson,Hudson,1.149999976158142,4,4000,IND@TEN,TEN,IND,Q,Undisclosed,,,,TE/FLEX
81947-73089,TE,Devin,Devin Asiasi,Asiasi,0,2,4000,ATL@CIN,CIN,ATL,,,,,,TE/FLEX
81947-71048,TE,Thaddeus,Thaddeus Moss,Moss,,,4000,ATL@CIN,CIN,ATL,,,,,,TE/FLEX
81947-71058,TE,Grayson,Grayson Gunter,Gunter,,,4000,NYG@JAC,JAC,NYG,,,,,,TE/FLEX
81947-70043,TE,Cole,Cole Fotheringham,Fotheringham,,,4000,HOU@LV,LV,HOU,,,,,,TE/FLEX
81947-45472,TE,Garrett,Garrett Griffin,Griffin,2.950000047683716,2,4000,DET@DAL,DET,DAL,,,,,,TE/FLEX
81947-72110,TE,John,John Mitchell,Mitchell,,,4000,SEA@LAC,SEA,LAC,,,,,,TE/FLEX
81947-73147,TE,Nick,Nick Eubanks,Eubanks,,,4000,HOU@LV,HOU,LV,,,,,,TE/FLEX
81947-69069,TE,Tony,Tony Poljan,Poljan,,,4000,CLE@BAL,BAL,CLE,,,,,,TE/FLEX
81947-73172,TE,Jake,Jake Hausmann,Hausmann,,,4000,GB@WAS,WAS,GB,,,,,,TE/FLEX
81947-54746,TE,Tyler,Tyler Ott,Ott,,,4000,SEA@LAC,SEA,LAC,IR,Shoulder,,,,TE/FLEX
81947-91618,TE,John,John FitzPatrick,FitzPatrick,,,4000,ATL@CIN,ATL,CIN,IR,Undisclosed,,,,TE/FLEX
81947-97771,TE,Marcus,Marcus Santos-Silva,Santos-Silva,,,4000,CLE@BAL,CLE,BAL,,,,,,TE/FLEX
81947-89586,TE,Tucker,Tucker Fisk,Fisk,,,4000,ATL@CIN,ATL,CIN,,,,,,TE/FLEX
81947-41469,TE,Darrell,Darrell Daniels,Daniels,0.34000000953674314,5,4000,HOU@LV,HOU,LV,,,,,,TE/FLEX
81947-62981,TE,Eli,Eli Wolf,Wolf,,,4000,GB@WAS,WAS,GB,IR,Undisclosed,,,,TE/FLEX
81947-103966,TE,Stone,Stone Smartt,Smartt,,,4000,SEA@LAC,LAC,SEA,IR,Undisclosed,,,,TE/FLEX
81947-46644,TE,Paul,Paul Quessenberry,Quessenberry,,,4000,HOU@LV,HOU,LV,,,,,,TE/FLEX
81947-69173,TE,Hunter,Hunter Kampmoyer,Kampmoyer,,,4000,SEA@LAC,LAC,SEA,,,,,,TE/FLEX
81947-60981,TE,Charlie,Charlie Heck,Heck,,,4000,HOU@LV,HOU,LV,,,,,,TE/FLEX
81947-72246,TE,Nolan,Nolan Givan,Givan,,,4000,DET@DAL,DET,DAL,,,,,,TE/FLEX
81947-68155,TE,Codey,Codey McElroy,McElroy,0.25,2,4000,TB@CAR,TB,CAR,Q,Foot,,,,TE/FLEX
81947-30272,TE,Colin,Colin Thompson,Thompson,0,1,4000,TB@CAR,CAR,TB,Q,Calf,,,,TE/FLEX
81947-66155,TE,Michael,Michael Jacobson,Jacobson,,,4000,IND@TEN,IND,TEN,,,,,,TE/FLEX
81947-147049,TE,Drew,Drew Ogletree,Ogletree,,,4000,IND@TEN,IND,TEN,IR,Knee - acl,,,,TE/FLEX
81947-85635,TE,Charlie,Charlie Kolar,Kolar,,,4000,CLE@BAL,BAL,CLE,IR,Sports hernia,,,,TE/FLEX
81947-87690,TE,Sal,Sal Cannella,Cannella,,,4000,GB@WAS,GB,WAS,,,,,,TE/FLEX
81947-101007,TE,Mark,Mark Vital,Vital,,,4000,KC@SF,KC,SF,,,,,,TE/FLEX
81947-90778,TE,Derrick,Derrick Deese Jr.,Deese Jr.,,,4000,DET@DAL,DET,DAL,,,,,,TE/FLEX
81947-86692,TE,Thomas,Thomas Odukoya,Odukoya,,,4000,IND@TEN,TEN,IND,,,,,,TE/FLEX
81947-71351,TE,Charlie,Charlie Woerner,Woerner,0,2,4000,KC@SF,SF,KC,,,,,,TE/FLEX
81947-89814,TE,Gerrit,Gerrit Prince,Prince,,,4000,NYG@JAC,JAC,NYG,,,,,,TE/FLEX
81947-38636,TE,Bug,Bug Howard,Howard,,,4000,TB@CAR,TB,CAR,Q,Undisclosed,,,,TE/FLEX
81947-85759,TE,Curtis,Curtis Hodges,Hodges,,,4000,GB@WAS,WAS,GB,IR,Thigh,,,,TE/FLEX
81947-87815,TE,Jeremy,Jeremy Ruckert,Ruckert,0,1,4000,NYJ@DEN,NYJ,DEN,,,,,,TE/FLEX
81947-27403,TE,Blake,Blake Bell,Bell,1.25,12,4000,KC@SF,KC,SF,IR,Hip,,,,TE/FLEX
81947-91931,TE,Greg,Greg Dulcich,Dulcich,11.399999618530273,1,4000,NYJ@DEN,DEN,NYJ,,,,,,TE/FLEX
81947-40746,TE,Troy,Troy Fumagalli,Fumagalli,,,4000,KC@SF,SF,KC,,,,,,TE/FLEX
81947-86839,TE,Jack,Jack Coco,Coco,,,4000,GB@WAS,GB,WAS,,,,,,TE/FLEX
81947-55099,TE,Ian,Ian Bunting,Bunting,,,4000,DET@DAL,DAL,DET,IR,Neck,,,,TE/FLEX
81947-58189,TE,Mitchell,Mitchell Fraboni,Fraboni,,,4000,NYJ@DEN,DEN,NYJ,,,,,,TE/FLEX
81947-63321,TE,Rashod,Rashod Berry,Berry,,,4000,NYG@JAC,JAC,NYG,,,,,,TE/FLEX
81947-90971,TE,Austin,Austin Allen,Allen,,,4000,NYG@JAC,NYG,JAC,,,,,,TE/FLEX
81947-93026,TE,Teagan,Teagan Quitoriano,Quitoriano,,,4000,HOU@LV,HOU,LV,IR,Knee,,,,TE/FLEX
81947-169853,TE,Josh,Josh Babicz,Babicz,,,4000,TB@CAR,CAR,TB,,,,,,TE/FLEX
81947-69516,TE,Miller,Miller Forristall,Forristall,0,1,4000,CLE@BAL,CLE,BAL,,,,,,TE/FLEX
81947-64408,TE,Nick,Nick Bowers,Bowers,,,4000,ATL@CIN,CIN,ATL,,,,,,TE/FLEX
81947-92056,TE,Cal,Cal Adomitis,Adomitis,,,4000,ATL@CIN,CIN,ATL,,,,,,TE/FLEX
81947-55209,TE,Nate,Nate Becker,Becker,,,4000,GB@WAS,GB,WAS,Q,Undisclosed,,,,TE/FLEX
81947-70604,TE,John,John Raine,Raine,,,4000,ATL@CIN,ATL,CIN,Q,Undisclosed,,,,TE/FLEX
81947-72665,TE,Kenny,Kenny Yeboah,Yeboah,2.299999952316284,2,4000,NYJ@DEN,NYJ,DEN,,,,,,TE/FLEX
81947-112601,TE,Travis,Travis Koontz,Koontz,,,4000,HOU@LV,LV,HOU,,,,,,TE/FLEX
81947-85986,TE,James,James Mitchell,Mitchell,,,4000,DET@DAL,DET,DAL,,,,,,TE/FLEX
81947-87013,TE,Erik,Erik Krommenhoek,Krommenhoek,,,4000,SEA@LAC,LAC,SEA,,,,,,TE/FLEX
81947-57325,TE,Jordan,Jordan Franks,Franks,,,4000,KC@SF,KC,SF,,,,,,TE/FLEX
81947-12535,D,Indianapolis,Indianapolis Colts,Colts,5.833333333333333,6,3900,IND@TEN,IND,TEN,,,,,,DEF
81947-12548,D,Los Angeles,Los Angeles Chargers,Chargers,4.333333333333333,6,3800,SEA@LAC,LAC,SEA,,,,,,DEF
81947-12536,D,Kansas City,Kansas City Chiefs,Chiefs,4.833333333333333,6,3700,KC@SF,KC,SF,,,,,,DEF
81947-12552,D,Washington,Washington Commanders,Commanders,5.333333333333333,6,3700,GB@WAS,WAS,GB,,,,,,DEF
81947-12528,D,Cincinnati,Cincinnati Bengals,Bengals,5.833333333333333,6,3600,ATL@CIN,CIN,ATL,,,,,,DEF
81947-12553,D,Carolina,Carolina Panthers,Panthers,7.333333333333333,6,3500,TB@CAR,CAR,TB,,,,,,DEF
81947-12529,D,Cleveland,Cleveland Browns,Browns,3.6666666666666665,6,3400,CLE@BAL,CLE,BAL,,,,,,DEF
81947-12525,D,Atlanta,Atlanta Falcons,Falcons,6.5,6,3300,ATL@CIN,ATL,CIN,,,,,,DEF
81947-12556,D,Houston,Houston Texans,Texans,7,5,3200,HOU@LV,HOU,LV,,,,,,DEF
81947-12532,D,Detroit,Detroit Lions,Lions,2.2,5,3100,DET@DAL,DET,DAL,,,,,,DEF
81947-12550,D,Seattle,Seattle Seahawks,Seahawks,8,6,3000,SEA@LAC,SEA,LAC,,,,,,DEF